slot_id,night_id,timestamp_utc,duration_seconds,is_observable,seeing_arcsec,transparency,sky_quality,instrument_efficiency
N20261004-S001,N20261004,2026-10-05T00:00:00Z,900,true,1.191627,0.926396,0.945335,0.948987
N20261004-S002,N20261004,2026-10-05T00:15:00Z,900,true,1.162507,0.929029,0.966004,0.933452
N20261004-S003,N20261004,2026-10-05T00:30:00Z,900,true,1.241802,0.903184,0.943164,0.950957
N20261004-S004,N20261004,2026-10-05T00:45:00Z,900,true,1.227535,0.918592,0.941155,0.946576
N20261004-S005,N20261004,2026-10-05T01:00:00Z,900,true,1.281037,0.897309,0.942892,0.957755
N20261004-S006,N20261004,2026-10-05T01:15:00Z,900,true,1.280136,0.882903,0.965645,0.948214
N20261004-S007,N20261004,2026-10-05T01:30:00Z,900,true,1.320319,0.888949,0.936669,0.966788
N20261004-S008,N20261004,2026-10-05T01:45:00Z,900,true,1.339748,0.877410,0.934683,0.962045
N20261004-S009,N20261004,2026-10-05T02:00:00Z,900,true,1.254626,0.862862,0.960151,0.987139
N20261004-S010,N20261004,2026-10-05T02:15:00Z,900,true,1.282377,0.898476,0.946393,0.964411
N20261004-S011,N20261004,2026-10-05T02:30:00Z,900,true,1.313967,0.898902,0.948674,0.977695
N20261004-S012,N20261004,2026-10-05T02:45:00Z,900,true,1.294650,0.862617,0.954873,0.973285
N20261004-S013,N20261004,2026-10-05T03:00:00Z,900,false,,,,
N20261004-S014,N20261004,2026-10-05T03:15:00Z,900,false,,,,
N20261004-S015,N20261004,2026-10-05T03:30:00Z,900,false,,,,
N20261004-S016,N20261004,2026-10-05T03:45:00Z,900,false,,,,
N20261004-S017,N20261004,2026-10-05T04:00:00Z,900,false,,,,
N20261004-S018,N20261004,2026-10-05T04:15:00Z,900,false,,,,
N20261004-S019,N20261004,2026-10-05T04:30:00Z,900,true,1.208171,0.920530,0.918893,0.973409
N20261004-S020,N20261004,2026-10-05T04:45:00Z,900,true,1.120781,0.920572,0.916794,0.994039
N20261004-S021,N20261004,2026-10-05T05:00:00Z,900,true,1.106950,0.940850,0.901650,0.990204
N20261004-S022,N20261004,2026-10-05T05:15:00Z,900,true,1.153201,0.916779,0.929709,0.986681
N20261004-S023,N20261004,2026-10-05T05:30:00Z,900,true,1.101406,0.944940,0.902499,0.974229
N20261004-S024,N20261004,2026-10-05T05:45:00Z,900,true,1.046832,0.951943,0.917327,0.972810
N20261004-S025,N20261004,2026-10-05T06:00:00Z,900,true,1.066114,0.968717,0.897978,0.957851
N20261004-S026,N20261004,2026-10-05T06:15:00Z,900,true,1.048833,0.961740,0.897872,0.980889
N20261004-S027,N20261004,2026-10-05T06:30:00Z,900,true,1.088159,0.964757,0.907735,0.981324
N20261004-S028,N20261004,2026-10-05T06:45:00Z,900,true,1.091941,0.940126,0.881571,0.983715
N20261004-S029,N20261004,2026-10-05T07:00:00Z,900,true,1.089975,0.942517,0.887954,0.967239
N20261004-S030,N20261004,2026-10-05T07:15:00Z,900,true,1.008385,0.964094,0.887798,0.971651
N20261004-S031,N20261004,2026-10-05T07:30:00Z,900,true,1.016214,0.957147,0.897723,0.946855
N20261004-S032,N20261004,2026-10-05T07:45:00Z,900,true,1.073168,0.953397,0.913063,0.951848
N20261004-S033,N20261004,2026-10-05T08:00:00Z,900,true,1.102432,0.954919,0.903487,0.967495
N20261004-S034,N20261004,2026-10-05T08:15:00Z,900,true,1.124771,0.955014,0.913929,0.960884
N20261004-S035,N20261004,2026-10-05T08:30:00Z,900,true,1.121326,0.934671,0.894699,0.938631
N20261004-S036,N20261004,2026-10-05T08:45:00Z,900,true,1.171492,0.942137,0.910127,0.965163
N20261005-S001,N20261005,2026-10-06T00:00:00Z,900,true,1.134645,0.908379,0.905245,0.966354
N20261005-S002,N20261005,2026-10-06T00:15:00Z,900,true,1.175817,0.930569,0.929600,0.959426
N20261005-S003,N20261005,2026-10-06T00:30:00Z,900,true,1.206147,0.929377,0.911272,0.954759
N20261005-S004,N20261005,2026-10-06T00:45:00Z,900,true,1.204768,0.900477,0.920243,0.940141
N20261005-S005,N20261005,2026-10-06T01:00:00Z,900,true,1.249774,0.909060,0.934708,0.943267
N20261005-S006,N20261005,2026-10-06T01:15:00Z,900,true,1.280129,0.876921,0.923144,0.917342
N20261005-S007,N20261005,2026-10-06T01:30:00Z,900,true,1.265024,0.879351,0.909818,0.930460
N20261005-S008,N20261005,2026-10-06T01:45:00Z,900,true,1.310780,0.881938,0.947295,0.915275
N20261005-S009,N20261005,2026-10-06T02:00:00Z,900,true,1.245220,0.866419,0.937698,0.947847
N20261005-S010,N20261005,2026-10-06T02:15:00Z,900,true,1.337592,0.868381,0.943010,0.914555
N20261005-S011,N20261005,2026-10-06T02:30:00Z,900,true,1.259320,0.893931,0.938048,0.906311
N20261005-S012,N20261005,2026-10-06T02:45:00Z,900,true,1.284351,0.882895,0.958478,0.935539
N20261005-S013,N20261005,2026-10-06T03:00:00Z,900,true,1.296892,0.901279,0.939942,0.939772
N20261005-S014,N20261005,2026-10-06T03:15:00Z,900,true,1.318709,0.883312,0.941542,0.920603
N20261005-S015,N20261005,2026-10-06T03:30:00Z,900,true,1.275541,0.905257,0.953502,0.932956
N20261005-S016,N20261005,2026-10-06T03:45:00Z,900,true,1.291206,0.894585,0.968544,0.936507
N20261005-S017,N20261005,2026-10-06T04:00:00Z,900,true,1.212297,0.917110,0.955924,0.919029
N20261005-S018,N20261005,2026-10-06T04:15:00Z,900,true,1.226059,0.903749,0.973127,0.909962
N20261005-S019,N20261005,2026-10-06T04:30:00Z,900,true,1.175255,0.902017,0.953779,0.903683
N20261005-S020,N20261005,2026-10-06T04:45:00Z,900,true,1.188171,0.897535,0.954224,0.923277
N20261005-S021,N20261005,2026-10-06T05:00:00Z,900,true,1.127824,0.941921,0.960939,0.938420
N20261005-S022,N20261005,2026-10-06T05:15:00Z,900,true,1.154907,0.943793,0.967685,0.908033
N20261005-S023,N20261005,2026-10-06T05:30:00Z,900,true,1.073593,0.929733,0.946303,0.917225
N20261005-S024,N20261005,2026-10-06T05:45:00Z,900,true,1.118275,0.939285,0.962755,0.919695
N20261005-S025,N20261005,2026-10-06T06:00:00Z,900,true,1.123124,0.963213,0.971414,0.933278
N20261005-S026,N20261005,2026-10-06T06:15:00Z,900,true,1.056381,0.970844,0.946559,0.923719
N20261005-S027,N20261005,2026-10-06T06:30:00Z,900,true,1.038114,0.963383,0.938447,0.922400
N20261005-S028,N20261005,2026-10-06T06:45:00Z,900,true,1.006916,0.970859,0.953310,0.938737
N20261005-S029,N20261005,2026-10-06T07:00:00Z,900,true,1.059556,0.977592,0.937225,0.943730
N20261005-S030,N20261005,2026-10-06T07:15:00Z,900,true,1.043007,0.958752,0.935753,0.929855
N20261005-S031,N20261005,2026-10-06T07:30:00Z,900,true,1.009932,0.945104,0.963855,0.950780
N20261005-S032,N20261005,2026-10-06T07:45:00Z,900,true,1.039867,0.952049,0.924513,0.948995
N20261005-S033,N20261005,2026-10-06T08:00:00Z,900,true,1.036168,0.960206,0.922792,0.933309
N20261005-S034,N20261005,2026-10-06T08:15:00Z,900,true,1.097255,0.953492,0.957641,0.959590
N20261005-S035,N20261005,2026-10-06T08:30:00Z,900,true,1.076272,0.963470,0.952820,0.932648
N20261006-S001,N20261006,2026-10-07T00:15:00Z,900,true,1.072257,0.921441,0.931705,0.946512
N20261006-S002,N20261006,2026-10-07T00:30:00Z,900,true,1.130994,0.946933,0.925746,0.942025
N20261006-S003,N20261006,2026-10-07T00:45:00Z,900,true,1.108484,0.921506,0.934229,0.951489
N20261006-S004,N20261006,2026-10-07T01:00:00Z,900,true,1.209732,0.918203,0.916611,0.948975
N20261006-S005,N20261006,2026-10-07T01:15:00Z,900,true,1.177191,0.907113,0.927382,0.945626
N20261006-S006,N20261006,2026-10-07T01:30:00Z,900,true,1.169495,0.918210,0.913603,0.980295
N20261006-S007,N20261006,2026-10-07T01:45:00Z,900,true,1.249512,0.919078,0.923956,0.987724
N20261006-S008,N20261006,2026-10-07T02:00:00Z,900,true,1.268495,0.896852,0.890780,0.954844
N20261006-S009,N20261006,2026-10-07T02:15:00Z,900,true,1.291925,0.897593,0.913971,0.989970
N20261006-S010,N20261006,2026-10-07T02:30:00Z,900,true,1.282046,0.896818,0.916133,0.966078
N20261006-S011,N20261006,2026-10-07T02:45:00Z,900,true,1.267857,0.878325,0.905909,0.978185
N20261006-S012,N20261006,2026-10-07T03:00:00Z,900,true,1.298992,0.875192,0.910451,0.970888
N20261006-S013,N20261006,2026-10-07T03:15:00Z,900,true,1.292595,0.892640,0.899776,0.967039
N20261006-S014,N20261006,2026-10-07T03:30:00Z,900,true,1.250180,0.870668,0.914033,0.994480
N20261006-S015,N20261006,2026-10-07T03:45:00Z,900,true,1.336784,0.872355,0.901199,0.992739
N20261006-S016,N20261006,2026-10-07T04:00:00Z,900,true,1.268184,0.887447,0.892633,0.976826
N20261006-S017,N20261006,2026-10-07T04:15:00Z,900,true,1.314688,0.891315,0.887041,0.988779
N20261006-S018,N20261006,2026-10-07T04:30:00Z,900,true,1.231202,0.896896,0.888468,0.986247
N20261006-S019,N20261006,2026-10-07T04:45:00Z,900,true,1.276598,0.897222,0.901248,0.971825
N20261006-S020,N20261006,2026-10-07T05:00:00Z,900,true,1.184959,0.913814,0.902765,0.961948
N20261006-S021,N20261006,2026-10-07T05:15:00Z,900,true,1.196795,0.912626,0.905012,0.966471
N20261006-S022,N20261006,2026-10-07T05:30:00Z,900,true,1.227878,0.898374,0.914857,0.981647
N20261006-S023,N20261006,2026-10-07T05:45:00Z,900,true,1.193478,0.905944,0.917670,0.967980
N20261006-S024,N20261006,2026-10-07T06:00:00Z,900,true,1.111289,0.932686,0.895191,0.968032
N20261006-S025,N20261006,2026-10-07T06:15:00Z,900,true,1.088172,0.946497,0.904378,0.986367
N20261006-S026,N20261006,2026-10-07T06:30:00Z,900,true,1.093567,0.955555,0.911911,0.972231
N20261006-S027,N20261006,2026-10-07T06:45:00Z,900,true,1.097483,0.950886,0.930190,0.976543
N20261006-S028,N20261006,2026-10-07T07:00:00Z,900,true,1.053434,0.945545,0.939923,0.976872
N20261006-S029,N20261006,2026-10-07T07:15:00Z,900,true,1.057809,0.971023,0.920214,0.948665
N20261006-S030,N20261006,2026-10-07T07:30:00Z,900,true,1.081635,0.957833,0.949195,0.975462
N20261006-S031,N20261006,2026-10-07T07:45:00Z,900,true,1.093479,0.965990,0.945639,0.940724
N20261006-S032,N20261006,2026-10-07T08:00:00Z,900,true,1.067761,0.954025,0.925732,0.958605
N20261006-S033,N20261006,2026-10-07T08:15:00Z,900,true,1.069499,0.943907,0.928556,0.943140
N20261006-S034,N20261006,2026-10-07T08:30:00Z,900,true,1.027232,0.966932,0.953745,0.954075
N20261007-S001,N20261007,2026-10-08T00:15:00Z,900,true,1.037047,0.954670,0.949098,0.930654
N20261007-S002,N20261007,2026-10-08T00:30:00Z,900,true,1.066337,0.936315,0.940715,0.949334
N20261007-S003,N20261007,2026-10-08T00:45:00Z,900,true,1.049434,0.949494,0.939983,0.929875
N20261007-S004,N20261007,2026-10-08T01:00:00Z,900,true,1.127478,0.947381,0.933667,0.928504
N20261007-S005,N20261007,2026-10-08T01:15:00Z,900,true,1.131015,0.915262,0.939852,0.936718
N20261007-S006,N20261007,2026-10-08T01:30:00Z,900,true,1.181271,0.907723,0.972356,0.937526
N20261007-S007,N20261007,2026-10-08T01:45:00Z,900,true,1.222400,0.920967,0.968721,0.932438
N20261007-S008,N20261007,2026-10-08T02:00:00Z,900,true,1.185485,0.914749,0.964302,0.931290
N20261007-S009,N20261007,2026-10-08T02:15:00Z,900,true,1.233668,0.922152,0.945185,0.931635
N20261007-S010,N20261007,2026-10-08T02:30:00Z,900,true,1.217025,0.906340,0.960566,0.912096
N20261007-S011,N20261007,2026-10-08T02:45:00Z,900,true,1.245624,0.881753,0.976906,0.911656
N20261007-S012,N20261007,2026-10-08T03:00:00Z,900,true,1.297888,0.893042,0.948615,0.908360
N20261007-S013,N20261007,2026-10-08T03:15:00Z,900,true,1.253989,0.866433,0.947115,0.918130
N20261007-S014,N20261007,2026-10-08T03:30:00Z,900,true,1.298019,0.881535,0.969867,0.921674
N20261007-S015,N20261007,2026-10-08T03:45:00Z,900,true,1.323367,0.885664,0.949011,0.928345
N20261007-S016,N20261007,2026-10-08T04:00:00Z,900,true,1.310597,0.881548,0.958746,0.938541
N20261007-S017,N20261007,2026-10-08T04:15:00Z,900,true,1.316302,0.894587,0.939409,0.931977
N20261007-S018,N20261007,2026-10-08T04:30:00Z,900,true,1.252940,0.893605,0.946696,0.912166
N20261007-S019,N20261007,2026-10-08T04:45:00Z,900,true,1.266972,0.865197,0.951033,0.908357
N20261007-S020,N20261007,2026-10-08T05:00:00Z,900,true,1.274470,0.875272,0.944783,0.918204
N20261007-S021,N20261007,2026-10-08T05:15:00Z,900,true,1.294078,0.903564,0.957122,0.903116
N20261007-S022,N20261007,2026-10-08T05:30:00Z,900,true,1.260304,0.886492,0.940954,0.919351
N20261007-S023,N20261007,2026-10-08T05:45:00Z,900,true,1.225006,0.902656,0.935232,0.917246
N20261007-S024,N20261007,2026-10-08T06:00:00Z,900,true,1.200528,0.905981,0.918416,0.905186
N20261007-S025,N20261007,2026-10-08T06:15:00Z,900,true,1.229444,0.914896,0.929373,0.914583
N20261007-S026,N20261007,2026-10-08T06:30:00Z,900,true,1.132155,0.934882,0.927601,0.936033
N20261007-S027,N20261007,2026-10-08T06:45:00Z,900,true,1.119118,0.944022,0.935237,0.936224
N20261007-S028,N20261007,2026-10-08T07:00:00Z,900,true,1.128452,0.954569,0.913797,0.934423
N20261007-S029,N20261007,2026-10-08T07:15:00Z,900,true,1.114250,0.942145,0.928614,0.915457
N20261007-S030,N20261007,2026-10-08T07:30:00Z,900,true,1.132555,0.964960,0.904419,0.919776
N20261007-S031,N20261007,2026-10-08T07:45:00Z,900,true,1.082012,0.961174,0.925746,0.954574
N20261007-S032,N20261007,2026-10-08T08:00:00Z,900,true,1.083059,0.949707,0.894403,0.944687
N20261007-S033,N20261007,2026-10-08T08:15:00Z,900,true,1.009244,0.964757,0.899656,0.952084
N20261007-S034,N20261007,2026-10-08T08:30:00Z,900,true,1.023497,0.952798,0.921362,0.953954
N20261008-S001,N20261008,2026-10-09T00:15:00Z,900,true,1.018516,0.971030,0.915503,0.938061
N20261008-S002,N20261008,2026-10-09T00:30:00Z,900,true,1.039332,0.963793,0.885355,0.961984
N20261008-S003,N20261008,2026-10-09T00:45:00Z,900,true,1.100589,0.948505,0.886348,0.964913
N20261008-S004,N20261008,2026-10-09T01:00:00Z,900,true,1.060343,0.950458,0.908347,0.969233
N20261008-S005,N20261008,2026-10-09T01:15:00Z,900,true,1.107403,0.953983,0.897346,0.953677
N20261008-S006,N20261008,2026-10-09T01:30:00Z,900,true,1.109602,0.953770,0.882454,0.974694
N20261008-S007,N20261008,2026-10-09T01:45:00Z,900,true,1.163300,0.925899,0.895326,0.950122
N20261008-S008,N20261008,2026-10-09T02:00:00Z,900,true,1.123375,0.925966,0.882751,0.953717
N20261008-S009,N20261008,2026-10-09T02:15:00Z,900,true,1.134298,0.932258,0.907256,0.951938
N20261008-S010,N20261008,2026-10-09T02:30:00Z,900,true,1.132700,0.911830,0.913873,0.950892
N20261008-S011,N20261008,2026-10-09T02:45:00Z,900,true,1.185419,0.923899,0.925156,0.982542
N20261008-S012,N20261008,2026-10-09T03:00:00Z,900,true,1.254854,0.925571,0.902035,0.960881
N20261008-S013,N20261008,2026-10-09T03:15:00Z,900,true,1.220821,0.908114,0.912726,0.981346
N20261008-S014,N20261008,2026-10-09T03:30:00Z,900,true,1.249199,0.895121,0.929474,0.968206
N20261008-S015,N20261008,2026-10-09T03:45:00Z,900,true,1.221842,0.905472,0.930288,0.961315
N20261008-S016,N20261008,2026-10-09T04:00:00Z,900,true,1.293540,0.899793,0.926680,0.991365
N20261008-S017,N20261008,2026-10-09T04:15:00Z,900,true,1.284782,0.899653,0.914876,0.960536
N20261008-S018,N20261008,2026-10-09T04:30:00Z,900,true,1.298097,0.875242,0.921089,0.994461
N20261008-S019,N20261008,2026-10-09T04:45:00Z,900,true,1.308139,0.877548,0.914182,0.988916
N20261008-S020,N20261008,2026-10-09T05:00:00Z,900,true,1.259633,0.884635,0.922159,0.986214
N20261008-S021,N20261008,2026-10-09T05:15:00Z,900,true,1.260883,0.899765,0.940768,0.973907
N20261008-S022,N20261008,2026-10-09T05:30:00Z,900,true,1.325400,0.891443,0.944942,0.996563
N20261008-S023,N20261008,2026-10-09T05:45:00Z,900,true,1.276957,0.888327,0.930505,0.978785
N20261008-S024,N20261008,2026-10-09T06:00:00Z,900,true,1.251150,0.889009,0.960157,0.981205
N20261008-S025,N20261008,2026-10-09T06:15:00Z,900,true,1.263832,0.884952,0.964090,0.974339
N20261008-S026,N20261008,2026-10-09T06:30:00Z,900,true,1.223528,0.898076,0.954002,0.969671
N20261008-S027,N20261008,2026-10-09T06:45:00Z,900,true,1.196656,0.921804,0.959166,0.969333
N20261008-S028,N20261008,2026-10-09T07:00:00Z,900,true,1.198720,0.913605,0.950481,0.990678
N20261008-S029,N20261008,2026-10-09T07:15:00Z,900,true,1.127761,0.933147,0.942519,0.963021
N20261008-S030,N20261008,2026-10-09T07:30:00Z,900,true,1.184935,0.923502,0.943161,0.979160
N20261008-S031,N20261008,2026-10-09T07:45:00Z,900,true,1.169601,0.943239,0.975907,0.961582
N20261008-S032,N20261008,2026-10-09T08:00:00Z,900,true,1.151377,0.932827,0.956086,0.953670
N20261008-S033,N20261008,2026-10-09T08:15:00Z,900,true,1.102233,0.962455,0.963829,0.976263
N20261008-S034,N20261008,2026-10-09T08:30:00Z,900,true,1.086463,0.937911,0.960703,0.952606
