event_id,event_type,actual_start_utc,actual_end_utc,scope_type,azimuth_start_deg,azimuth_end_deg,min_altitude_deg,max_altitude_deg,magnitude,opacity,force_close,zero_score,seeing_multiplier,transparency_multiplier,sky_quality_multiplier,instrument_efficiency_multiplier
SYNTH_EV_T0,terrain_obstruction,2026-10-09T00:15:00Z,2026-10-20T08:30:00Z,HORIZON_SECTOR,220.000000,270.000000,0.000000,40.000000,,1.000000,false,true,1.000000,1.000000,1.000000,1.000000
SYNTH_EV_T1,terrain_obstruction,2026-10-09T00:15:00Z,2026-10-20T08:30:00Z,HORIZON_SECTOR,100.000000,140.000000,0.000000,35.000000,,1.000000,false,true,1.000000,1.000000,1.000000,1.000000
SYNTH_EV_R00,rainy,2026-10-09T00:15:00Z,2026-10-09T08:45:00Z,ALL,,,,,,0.850000,true,false,1.600000,0.250000,0.350000,1.000000
SYNTH_EV_R01,cloudy,2026-10-10T01:30:00Z,2026-10-10T06:15:00Z,HORIZON_SECTOR,110.000000,230.000000,0.000000,70.000000,,0.850000,false,false,1.600000,0.250000,0.350000,1.000000
SYNTH_EV_S01,rainy,2026-10-10T03:30:00Z,2026-10-10T07:30:00Z,ALL,,,,,,0.950000,true,false,1.700000,0.200000,0.300000,1.000000
SYNTH_EV_R02,rainy,2026-10-11T01:30:00Z,2026-10-11T06:15:00Z,ALL,,,,,,0.850000,true,false,1.600000,0.250000,0.350000,1.000000
SYNTH_EV_R03,cloudy,2026-10-12T01:30:00Z,2026-10-12T06:15:00Z,HORIZON_SECTOR,110.000000,230.000000,0.000000,70.000000,,0.850000,false,false,1.600000,0.250000,0.350000,1.000000
SYNTH_EV_S03,rainy,2026-10-12T03:30:00Z,2026-10-12T07:30:00Z,ALL,,,,,,0.950000,true,false,1.700000,0.200000,0.300000,1.000000
SYNTH_EV_R04,rainy,2026-10-13T01:30:00Z,2026-10-13T06:15:00Z,ALL,,,,,,0.850000,true,false,1.600000,0.250000,0.350000,1.000000
SYNTH_EV_R05,cloudy,2026-10-14T00:15:00Z,2026-10-14T08:45:00Z,HORIZON_SECTOR,110.000000,230.000000,0.000000,70.000000,,0.850000,false,false,1.600000,0.250000,0.350000,1.000000
SYNTH_EV_S05,rainy,2026-10-14T03:30:00Z,2026-10-14T07:30:00Z,ALL,,,,,,0.950000,true,false,1.700000,0.200000,0.300000,1.000000
SYNTH_EV_R06,rainy,2026-10-15T01:30:00Z,2026-10-15T06:15:00Z,ALL,,,,,,0.850000,true,false,1.600000,0.250000,0.350000,1.000000
SYNTH_EV_R07,cloudy,2026-10-16T01:30:00Z,2026-10-16T06:15:00Z,HORIZON_SECTOR,110.000000,230.000000,0.000000,70.000000,,0.850000,false,false,1.600000,0.250000,0.350000,1.000000
SYNTH_EV_S07,rainy,2026-10-16T03:30:00Z,2026-10-16T07:30:00Z,ALL,,,,,,0.950000,true,false,1.700000,0.200000,0.300000,1.000000
SYNTH_EV_R08,rainy,2026-10-17T01:30:00Z,2026-10-17T06:15:00Z,ALL,,,,,,0.850000,true,false,1.600000,0.250000,0.350000,1.000000
SYNTH_EV_R09,cloudy,2026-10-18T01:30:00Z,2026-10-18T06:15:00Z,HORIZON_SECTOR,110.000000,230.000000,0.000000,70.000000,,0.850000,false,false,1.600000,0.250000,0.350000,1.000000
SYNTH_EV_S09,rainy,2026-10-18T03:30:00Z,2026-10-18T07:30:00Z,ALL,,,,,,0.950000,true,false,1.700000,0.200000,0.300000,1.000000
SYNTH_EV_R10,rainy,2026-10-19T00:15:00Z,2026-10-19T08:45:00Z,ALL,,,,,,0.850000,true,false,1.600000,0.250000,0.350000,1.000000
SYNTH_EV_R11,cloudy,2026-10-20T01:15:00Z,2026-10-20T06:15:00Z,HORIZON_SECTOR,110.000000,230.000000,0.000000,70.000000,,0.850000,false,false,1.600000,0.250000,0.350000,1.000000
SYNTH_EV_S11,rainy,2026-10-20T03:30:00Z,2026-10-20T07:30:00Z,ALL,,,,,,0.950000,true,false,1.700000,0.200000,0.300000,1.000000
