night_id,night_date,solar_dusk_utc,solar_dawn_utc,observing_start_utc,observing_end_utc,night_seconds,slot_count
N20261008,2026-10-08,2026-10-09T00:01:11Z,2026-10-09T08:56:22Z,2026-10-09T00:15:00Z,2026-10-09T08:45:00Z,30600,34
N20261009,2026-10-09,2026-10-10T00:01:44Z,2026-10-10T08:55:16Z,2026-10-10T00:15:00Z,2026-10-10T08:45:00Z,30600,34
N20261010,2026-10-10,2026-10-11T00:02:18Z,2026-10-11T08:54:10Z,2026-10-11T00:15:00Z,2026-10-11T08:45:00Z,30600,34
N20261011,2026-10-11,2026-10-12T00:02:53Z,2026-10-12T08:53:05Z,2026-10-12T00:15:00Z,2026-10-12T08:45:00Z,30600,34
N20261012,2026-10-12,2026-10-13T00:03:28Z,2026-10-13T08:52:00Z,2026-10-13T00:15:00Z,2026-10-13T08:45:00Z,30600,34
N20261013,2026-10-13,2026-10-14T00:04:04Z,2026-10-14T08:50:55Z,2026-10-14T00:15:00Z,2026-10-14T08:45:00Z,30600,34
N20261014,2026-10-14,2026-10-15T00:04:41Z,2026-10-15T08:49:51Z,2026-10-15T00:15:00Z,2026-10-15T08:45:00Z,30600,34
N20261015,2026-10-15,2026-10-16T00:05:18Z,2026-10-16T08:48:47Z,2026-10-16T00:15:00Z,2026-10-16T08:45:00Z,30600,34
N20261016,2026-10-16,2026-10-17T00:05:56Z,2026-10-17T08:47:44Z,2026-10-17T00:15:00Z,2026-10-17T08:45:00Z,30600,34
N20261017,2026-10-17,2026-10-18T00:06:36Z,2026-10-18T08:46:41Z,2026-10-18T00:15:00Z,2026-10-18T08:45:00Z,30600,34
N20261018,2026-10-18,2026-10-19T00:07:15Z,2026-10-19T08:45:39Z,2026-10-19T00:15:00Z,2026-10-19T08:45:00Z,30600,34
N20261019,2026-10-19,2026-10-20T00:07:55Z,2026-10-20T08:44:37Z,2026-10-20T00:15:00Z,2026-10-20T08:30:00Z,29700,33
