event_id,night_id,magnitude,degradation,seeing_multiplier,transparency_multiplier,sky_quality_multiplier,instrument_efficiency_multiplier
SYNTH_EV0009,N20261029,5.800,0.550000,1.000000,1.000000,1.000000,0.450000
SYNTH_EV0009,N20261030,5.800,0.429000,1.000000,1.000000,1.000000,0.571000
SYNTH_EV0009,N20261031,5.800,0.334620,1.000000,1.000000,1.000000,0.665380
SYNTH_EV0009,N20261101,5.800,0.261004,1.000000,1.000000,1.000000,0.738996
SYNTH_EV0009,N20261102,5.800,0.203583,1.000000,1.000000,1.000000,0.796417
SYNTH_EV0009,N20261103,5.800,0.158795,1.000000,1.000000,1.000000,0.841205
SYNTH_EV0009,N20261104,5.800,0.123860,1.000000,1.000000,1.000000,0.876140
SYNTH_EV0009,N20261105,5.800,0.096611,1.000000,1.000000,1.000000,0.903389
SYNTH_EV0009,N20261106,5.800,0.075356,1.000000,1.000000,1.000000,0.924644
SYNTH_EV0009,N20261107,5.800,0.058778,1.000000,1.000000,1.000000,0.941222
