slot_id,night_id,timestamp_utc,duration_seconds
N20261004-S001,N20261004,2026-10-05T00:00:00Z,900
N20261004-S002,N20261004,2026-10-05T00:15:00Z,900
N20261004-S003,N20261004,2026-10-05T00:30:00Z,900
N20261004-S004,N20261004,2026-10-05T00:45:00Z,900
N20261004-S005,N20261004,2026-10-05T01:00:00Z,900
N20261004-S006,N20261004,2026-10-05T01:15:00Z,900
N20261004-S007,N20261004,2026-10-05T01:30:00Z,900
N20261004-S008,N20261004,2026-10-05T01:45:00Z,900
N20261004-S009,N20261004,2026-10-05T02:00:00Z,900
N20261004-S010,N20261004,2026-10-05T02:15:00Z,900
N20261004-S011,N20261004,2026-10-05T02:30:00Z,900
N20261004-S012,N20261004,2026-10-05T02:45:00Z,900
N20261004-S013,N20261004,2026-10-05T03:00:00Z,900
N20261004-S014,N20261004,2026-10-05T03:15:00Z,900
N20261004-S015,N20261004,2026-10-05T03:30:00Z,900
N20261004-S016,N20261004,2026-10-05T03:45:00Z,900
N20261004-S017,N20261004,2026-10-05T04:00:00Z,900
N20261004-S018,N20261004,2026-10-05T04:15:00Z,900
N20261004-S019,N20261004,2026-10-05T04:30:00Z,900
N20261004-S020,N20261004,2026-10-05T04:45:00Z,900
N20261004-S021,N20261004,2026-10-05T05:00:00Z,900
N20261004-S022,N20261004,2026-10-05T05:15:00Z,900
N20261004-S023,N20261004,2026-10-05T05:30:00Z,900
N20261004-S024,N20261004,2026-10-05T05:45:00Z,900
N20261004-S025,N20261004,2026-10-05T06:00:00Z,900
N20261004-S026,N20261004,2026-10-05T06:15:00Z,900
N20261004-S027,N20261004,2026-10-05T06:30:00Z,900
N20261004-S028,N20261004,2026-10-05T06:45:00Z,900
N20261004-S029,N20261004,2026-10-05T07:00:00Z,900
N20261004-S030,N20261004,2026-10-05T07:15:00Z,900
N20261004-S031,N20261004,2026-10-05T07:30:00Z,900
N20261004-S032,N20261004,2026-10-05T07:45:00Z,900
N20261004-S033,N20261004,2026-10-05T08:00:00Z,900
N20261004-S034,N20261004,2026-10-05T08:15:00Z,900
N20261004-S035,N20261004,2026-10-05T08:30:00Z,900
N20261004-S036,N20261004,2026-10-05T08:45:00Z,900
N20261005-S001,N20261005,2026-10-06T00:00:00Z,900
N20261005-S002,N20261005,2026-10-06T00:15:00Z,900
N20261005-S003,N20261005,2026-10-06T00:30:00Z,900
N20261005-S004,N20261005,2026-10-06T00:45:00Z,900
N20261005-S005,N20261005,2026-10-06T01:00:00Z,900
N20261005-S006,N20261005,2026-10-06T01:15:00Z,900
N20261005-S007,N20261005,2026-10-06T01:30:00Z,900
N20261005-S008,N20261005,2026-10-06T01:45:00Z,900
N20261005-S009,N20261005,2026-10-06T02:00:00Z,900
N20261005-S010,N20261005,2026-10-06T02:15:00Z,900
N20261005-S011,N20261005,2026-10-06T02:30:00Z,900
N20261005-S012,N20261005,2026-10-06T02:45:00Z,900
N20261005-S013,N20261005,2026-10-06T03:00:00Z,900
N20261005-S014,N20261005,2026-10-06T03:15:00Z,900
N20261005-S015,N20261005,2026-10-06T03:30:00Z,900
N20261005-S016,N20261005,2026-10-06T03:45:00Z,900
N20261005-S017,N20261005,2026-10-06T04:00:00Z,900
N20261005-S018,N20261005,2026-10-06T04:15:00Z,900
N20261005-S019,N20261005,2026-10-06T04:30:00Z,900
N20261005-S020,N20261005,2026-10-06T04:45:00Z,900
N20261005-S021,N20261005,2026-10-06T05:00:00Z,900
N20261005-S022,N20261005,2026-10-06T05:15:00Z,900
N20261005-S023,N20261005,2026-10-06T05:30:00Z,900
N20261005-S024,N20261005,2026-10-06T05:45:00Z,900
N20261005-S025,N20261005,2026-10-06T06:00:00Z,900
N20261005-S026,N20261005,2026-10-06T06:15:00Z,900
N20261005-S027,N20261005,2026-10-06T06:30:00Z,900
N20261005-S028,N20261005,2026-10-06T06:45:00Z,900
N20261005-S029,N20261005,2026-10-06T07:00:00Z,900
N20261005-S030,N20261005,2026-10-06T07:15:00Z,900
N20261005-S031,N20261005,2026-10-06T07:30:00Z,900
N20261005-S032,N20261005,2026-10-06T07:45:00Z,900
N20261005-S033,N20261005,2026-10-06T08:00:00Z,900
N20261005-S034,N20261005,2026-10-06T08:15:00Z,900
N20261005-S035,N20261005,2026-10-06T08:30:00Z,900
N20261006-S001,N20261006,2026-10-07T00:15:00Z,900
N20261006-S002,N20261006,2026-10-07T00:30:00Z,900
N20261006-S003,N20261006,2026-10-07T00:45:00Z,900
N20261006-S004,N20261006,2026-10-07T01:00:00Z,900
N20261006-S005,N20261006,2026-10-07T01:15:00Z,900
N20261006-S006,N20261006,2026-10-07T01:30:00Z,900
N20261006-S007,N20261006,2026-10-07T01:45:00Z,900
N20261006-S008,N20261006,2026-10-07T02:00:00Z,900
N20261006-S009,N20261006,2026-10-07T02:15:00Z,900
N20261006-S010,N20261006,2026-10-07T02:30:00Z,900
N20261006-S011,N20261006,2026-10-07T02:45:00Z,900
N20261006-S012,N20261006,2026-10-07T03:00:00Z,900
N20261006-S013,N20261006,2026-10-07T03:15:00Z,900
N20261006-S014,N20261006,2026-10-07T03:30:00Z,900
N20261006-S015,N20261006,2026-10-07T03:45:00Z,900
N20261006-S016,N20261006,2026-10-07T04:00:00Z,900
N20261006-S017,N20261006,2026-10-07T04:15:00Z,900
N20261006-S018,N20261006,2026-10-07T04:30:00Z,900
N20261006-S019,N20261006,2026-10-07T04:45:00Z,900
N20261006-S020,N20261006,2026-10-07T05:00:00Z,900
N20261006-S021,N20261006,2026-10-07T05:15:00Z,900
N20261006-S022,N20261006,2026-10-07T05:30:00Z,900
N20261006-S023,N20261006,2026-10-07T05:45:00Z,900
N20261006-S024,N20261006,2026-10-07T06:00:00Z,900
N20261006-S025,N20261006,2026-10-07T06:15:00Z,900
N20261006-S026,N20261006,2026-10-07T06:30:00Z,900
N20261006-S027,N20261006,2026-10-07T06:45:00Z,900
N20261006-S028,N20261006,2026-10-07T07:00:00Z,900
N20261006-S029,N20261006,2026-10-07T07:15:00Z,900
N20261006-S030,N20261006,2026-10-07T07:30:00Z,900
N20261006-S031,N20261006,2026-10-07T07:45:00Z,900
N20261006-S032,N20261006,2026-10-07T08:00:00Z,900
N20261006-S033,N20261006,2026-10-07T08:15:00Z,900
N20261006-S034,N20261006,2026-10-07T08:30:00Z,900
N20261007-S001,N20261007,2026-10-08T00:15:00Z,900
N20261007-S002,N20261007,2026-10-08T00:30:00Z,900
N20261007-S003,N20261007,2026-10-08T00:45:00Z,900
N20261007-S004,N20261007,2026-10-08T01:00:00Z,900
N20261007-S005,N20261007,2026-10-08T01:15:00Z,900
N20261007-S006,N20261007,2026-10-08T01:30:00Z,900
N20261007-S007,N20261007,2026-10-08T01:45:00Z,900
N20261007-S008,N20261007,2026-10-08T02:00:00Z,900
N20261007-S009,N20261007,2026-10-08T02:15:00Z,900
N20261007-S010,N20261007,2026-10-08T02:30:00Z,900
N20261007-S011,N20261007,2026-10-08T02:45:00Z,900
N20261007-S012,N20261007,2026-10-08T03:00:00Z,900
N20261007-S013,N20261007,2026-10-08T03:15:00Z,900
N20261007-S014,N20261007,2026-10-08T03:30:00Z,900
N20261007-S015,N20261007,2026-10-08T03:45:00Z,900
N20261007-S016,N20261007,2026-10-08T04:00:00Z,900
N20261007-S017,N20261007,2026-10-08T04:15:00Z,900
N20261007-S018,N20261007,2026-10-08T04:30:00Z,900
N20261007-S019,N20261007,2026-10-08T04:45:00Z,900
N20261007-S020,N20261007,2026-10-08T05:00:00Z,900
N20261007-S021,N20261007,2026-10-08T05:15:00Z,900
N20261007-S022,N20261007,2026-10-08T05:30:00Z,900
N20261007-S023,N20261007,2026-10-08T05:45:00Z,900
N20261007-S024,N20261007,2026-10-08T06:00:00Z,900
N20261007-S025,N20261007,2026-10-08T06:15:00Z,900
N20261007-S026,N20261007,2026-10-08T06:30:00Z,900
N20261007-S027,N20261007,2026-10-08T06:45:00Z,900
N20261007-S028,N20261007,2026-10-08T07:00:00Z,900
N20261007-S029,N20261007,2026-10-08T07:15:00Z,900
N20261007-S030,N20261007,2026-10-08T07:30:00Z,900
N20261007-S031,N20261007,2026-10-08T07:45:00Z,900
N20261007-S032,N20261007,2026-10-08T08:00:00Z,900
N20261007-S033,N20261007,2026-10-08T08:15:00Z,900
N20261007-S034,N20261007,2026-10-08T08:30:00Z,900
N20261008-S001,N20261008,2026-10-09T00:15:00Z,900
N20261008-S002,N20261008,2026-10-09T00:30:00Z,900
N20261008-S003,N20261008,2026-10-09T00:45:00Z,900
N20261008-S004,N20261008,2026-10-09T01:00:00Z,900
N20261008-S005,N20261008,2026-10-09T01:15:00Z,900
N20261008-S006,N20261008,2026-10-09T01:30:00Z,900
N20261008-S007,N20261008,2026-10-09T01:45:00Z,900
N20261008-S008,N20261008,2026-10-09T02:00:00Z,900
N20261008-S009,N20261008,2026-10-09T02:15:00Z,900
N20261008-S010,N20261008,2026-10-09T02:30:00Z,900
N20261008-S011,N20261008,2026-10-09T02:45:00Z,900
N20261008-S012,N20261008,2026-10-09T03:00:00Z,900
N20261008-S013,N20261008,2026-10-09T03:15:00Z,900
N20261008-S014,N20261008,2026-10-09T03:30:00Z,900
N20261008-S015,N20261008,2026-10-09T03:45:00Z,900
N20261008-S016,N20261008,2026-10-09T04:00:00Z,900
N20261008-S017,N20261008,2026-10-09T04:15:00Z,900
N20261008-S018,N20261008,2026-10-09T04:30:00Z,900
N20261008-S019,N20261008,2026-10-09T04:45:00Z,900
N20261008-S020,N20261008,2026-10-09T05:00:00Z,900
N20261008-S021,N20261008,2026-10-09T05:15:00Z,900
N20261008-S022,N20261008,2026-10-09T05:30:00Z,900
N20261008-S023,N20261008,2026-10-09T05:45:00Z,900
N20261008-S024,N20261008,2026-10-09T06:00:00Z,900
N20261008-S025,N20261008,2026-10-09T06:15:00Z,900
N20261008-S026,N20261008,2026-10-09T06:30:00Z,900
N20261008-S027,N20261008,2026-10-09T06:45:00Z,900
N20261008-S028,N20261008,2026-10-09T07:00:00Z,900
N20261008-S029,N20261008,2026-10-09T07:15:00Z,900
N20261008-S030,N20261008,2026-10-09T07:30:00Z,900
N20261008-S031,N20261008,2026-10-09T07:45:00Z,900
N20261008-S032,N20261008,2026-10-09T08:00:00Z,900
N20261008-S033,N20261008,2026-10-09T08:15:00Z,900
N20261008-S034,N20261008,2026-10-09T08:30:00Z,900
N20261009-S001,N20261009,2026-10-10T00:15:00Z,900
N20261009-S002,N20261009,2026-10-10T00:30:00Z,900
N20261009-S003,N20261009,2026-10-10T00:45:00Z,900
N20261009-S004,N20261009,2026-10-10T01:00:00Z,900
N20261009-S005,N20261009,2026-10-10T01:15:00Z,900
N20261009-S006,N20261009,2026-10-10T01:30:00Z,900
N20261009-S007,N20261009,2026-10-10T01:45:00Z,900
N20261009-S008,N20261009,2026-10-10T02:00:00Z,900
N20261009-S009,N20261009,2026-10-10T02:15:00Z,900
N20261009-S010,N20261009,2026-10-10T02:30:00Z,900
N20261009-S011,N20261009,2026-10-10T02:45:00Z,900
N20261009-S012,N20261009,2026-10-10T03:00:00Z,900
N20261009-S013,N20261009,2026-10-10T03:15:00Z,900
N20261009-S014,N20261009,2026-10-10T03:30:00Z,900
N20261009-S015,N20261009,2026-10-10T03:45:00Z,900
N20261009-S016,N20261009,2026-10-10T04:00:00Z,900
N20261009-S017,N20261009,2026-10-10T04:15:00Z,900
N20261009-S018,N20261009,2026-10-10T04:30:00Z,900
N20261009-S019,N20261009,2026-10-10T04:45:00Z,900
N20261009-S020,N20261009,2026-10-10T05:00:00Z,900
N20261009-S021,N20261009,2026-10-10T05:15:00Z,900
N20261009-S022,N20261009,2026-10-10T05:30:00Z,900
N20261009-S023,N20261009,2026-10-10T05:45:00Z,900
N20261009-S024,N20261009,2026-10-10T06:00:00Z,900
N20261009-S025,N20261009,2026-10-10T06:15:00Z,900
N20261009-S026,N20261009,2026-10-10T06:30:00Z,900
N20261009-S027,N20261009,2026-10-10T06:45:00Z,900
N20261009-S028,N20261009,2026-10-10T07:00:00Z,900
N20261009-S029,N20261009,2026-10-10T07:15:00Z,900
N20261009-S030,N20261009,2026-10-10T07:30:00Z,900
N20261009-S031,N20261009,2026-10-10T07:45:00Z,900
N20261009-S032,N20261009,2026-10-10T08:00:00Z,900
N20261009-S033,N20261009,2026-10-10T08:15:00Z,900
N20261009-S034,N20261009,2026-10-10T08:30:00Z,900
N20261010-S001,N20261010,2026-10-11T00:15:00Z,900
N20261010-S002,N20261010,2026-10-11T00:30:00Z,900
N20261010-S003,N20261010,2026-10-11T00:45:00Z,900
N20261010-S004,N20261010,2026-10-11T01:00:00Z,900
N20261010-S005,N20261010,2026-10-11T01:15:00Z,900
N20261010-S006,N20261010,2026-10-11T01:30:00Z,900
N20261010-S007,N20261010,2026-10-11T01:45:00Z,900
N20261010-S008,N20261010,2026-10-11T02:00:00Z,900
N20261010-S009,N20261010,2026-10-11T02:15:00Z,900
N20261010-S010,N20261010,2026-10-11T02:30:00Z,900
N20261010-S011,N20261010,2026-10-11T02:45:00Z,900
N20261010-S012,N20261010,2026-10-11T03:00:00Z,900
N20261010-S013,N20261010,2026-10-11T03:15:00Z,900
N20261010-S014,N20261010,2026-10-11T03:30:00Z,900
N20261010-S015,N20261010,2026-10-11T03:45:00Z,900
N20261010-S016,N20261010,2026-10-11T04:00:00Z,900
N20261010-S017,N20261010,2026-10-11T04:15:00Z,900
N20261010-S018,N20261010,2026-10-11T04:30:00Z,900
N20261010-S019,N20261010,2026-10-11T04:45:00Z,900
N20261010-S020,N20261010,2026-10-11T05:00:00Z,900
N20261010-S021,N20261010,2026-10-11T05:15:00Z,900
N20261010-S022,N20261010,2026-10-11T05:30:00Z,900
N20261010-S023,N20261010,2026-10-11T05:45:00Z,900
N20261010-S024,N20261010,2026-10-11T06:00:00Z,900
N20261010-S025,N20261010,2026-10-11T06:15:00Z,900
N20261010-S026,N20261010,2026-10-11T06:30:00Z,900
N20261010-S027,N20261010,2026-10-11T06:45:00Z,900
N20261010-S028,N20261010,2026-10-11T07:00:00Z,900
N20261010-S029,N20261010,2026-10-11T07:15:00Z,900
N20261010-S030,N20261010,2026-10-11T07:30:00Z,900
N20261010-S031,N20261010,2026-10-11T07:45:00Z,900
N20261010-S032,N20261010,2026-10-11T08:00:00Z,900
N20261010-S033,N20261010,2026-10-11T08:15:00Z,900
N20261010-S034,N20261010,2026-10-11T08:30:00Z,900
N20261011-S001,N20261011,2026-10-12T00:15:00Z,900
N20261011-S002,N20261011,2026-10-12T00:30:00Z,900
N20261011-S003,N20261011,2026-10-12T00:45:00Z,900
N20261011-S004,N20261011,2026-10-12T01:00:00Z,900
N20261011-S005,N20261011,2026-10-12T01:15:00Z,900
N20261011-S006,N20261011,2026-10-12T01:30:00Z,900
N20261011-S007,N20261011,2026-10-12T01:45:00Z,900
N20261011-S008,N20261011,2026-10-12T02:00:00Z,900
N20261011-S009,N20261011,2026-10-12T02:15:00Z,900
N20261011-S010,N20261011,2026-10-12T02:30:00Z,900
N20261011-S011,N20261011,2026-10-12T02:45:00Z,900
N20261011-S012,N20261011,2026-10-12T03:00:00Z,900
N20261011-S013,N20261011,2026-10-12T03:15:00Z,900
N20261011-S014,N20261011,2026-10-12T03:30:00Z,900
N20261011-S015,N20261011,2026-10-12T03:45:00Z,900
N20261011-S016,N20261011,2026-10-12T04:00:00Z,900
N20261011-S017,N20261011,2026-10-12T04:15:00Z,900
N20261011-S018,N20261011,2026-10-12T04:30:00Z,900
N20261011-S019,N20261011,2026-10-12T04:45:00Z,900
N20261011-S020,N20261011,2026-10-12T05:00:00Z,900
N20261011-S021,N20261011,2026-10-12T05:15:00Z,900
N20261011-S022,N20261011,2026-10-12T05:30:00Z,900
N20261011-S023,N20261011,2026-10-12T05:45:00Z,900
N20261011-S024,N20261011,2026-10-12T06:00:00Z,900
N20261011-S025,N20261011,2026-10-12T06:15:00Z,900
N20261011-S026,N20261011,2026-10-12T06:30:00Z,900
N20261011-S027,N20261011,2026-10-12T06:45:00Z,900
N20261011-S028,N20261011,2026-10-12T07:00:00Z,900
N20261011-S029,N20261011,2026-10-12T07:15:00Z,900
N20261011-S030,N20261011,2026-10-12T07:30:00Z,900
N20261011-S031,N20261011,2026-10-12T07:45:00Z,900
N20261011-S032,N20261011,2026-10-12T08:00:00Z,900
N20261011-S033,N20261011,2026-10-12T08:15:00Z,900
N20261011-S034,N20261011,2026-10-12T08:30:00Z,900
N20261012-S001,N20261012,2026-10-13T00:15:00Z,900
N20261012-S002,N20261012,2026-10-13T00:30:00Z,900
N20261012-S003,N20261012,2026-10-13T00:45:00Z,900
N20261012-S004,N20261012,2026-10-13T01:00:00Z,900
N20261012-S005,N20261012,2026-10-13T01:15:00Z,900
N20261012-S006,N20261012,2026-10-13T01:30:00Z,900
N20261012-S007,N20261012,2026-10-13T01:45:00Z,900
N20261012-S008,N20261012,2026-10-13T02:00:00Z,900
N20261012-S009,N20261012,2026-10-13T02:15:00Z,900
N20261012-S010,N20261012,2026-10-13T02:30:00Z,900
N20261012-S011,N20261012,2026-10-13T02:45:00Z,900
N20261012-S012,N20261012,2026-10-13T03:00:00Z,900
N20261012-S013,N20261012,2026-10-13T03:15:00Z,900
N20261012-S014,N20261012,2026-10-13T03:30:00Z,900
N20261012-S015,N20261012,2026-10-13T03:45:00Z,900
N20261012-S016,N20261012,2026-10-13T04:00:00Z,900
N20261012-S017,N20261012,2026-10-13T04:15:00Z,900
N20261012-S018,N20261012,2026-10-13T04:30:00Z,900
N20261012-S019,N20261012,2026-10-13T04:45:00Z,900
N20261012-S020,N20261012,2026-10-13T05:00:00Z,900
N20261012-S021,N20261012,2026-10-13T05:15:00Z,900
N20261012-S022,N20261012,2026-10-13T05:30:00Z,900
N20261012-S023,N20261012,2026-10-13T05:45:00Z,900
N20261012-S024,N20261012,2026-10-13T06:00:00Z,900
N20261012-S025,N20261012,2026-10-13T06:15:00Z,900
N20261012-S026,N20261012,2026-10-13T06:30:00Z,900
N20261012-S027,N20261012,2026-10-13T06:45:00Z,900
N20261012-S028,N20261012,2026-10-13T07:00:00Z,900
N20261012-S029,N20261012,2026-10-13T07:15:00Z,900
N20261012-S030,N20261012,2026-10-13T07:30:00Z,900
N20261012-S031,N20261012,2026-10-13T07:45:00Z,900
N20261012-S032,N20261012,2026-10-13T08:00:00Z,900
N20261012-S033,N20261012,2026-10-13T08:15:00Z,900
N20261012-S034,N20261012,2026-10-13T08:30:00Z,900
N20261013-S001,N20261013,2026-10-14T00:15:00Z,900
N20261013-S002,N20261013,2026-10-14T00:30:00Z,900
N20261013-S003,N20261013,2026-10-14T00:45:00Z,900
N20261013-S004,N20261013,2026-10-14T01:00:00Z,900
N20261013-S005,N20261013,2026-10-14T01:15:00Z,900
N20261013-S006,N20261013,2026-10-14T01:30:00Z,900
N20261013-S007,N20261013,2026-10-14T01:45:00Z,900
N20261013-S008,N20261013,2026-10-14T02:00:00Z,900
N20261013-S009,N20261013,2026-10-14T02:15:00Z,900
N20261013-S010,N20261013,2026-10-14T02:30:00Z,900
N20261013-S011,N20261013,2026-10-14T02:45:00Z,900
N20261013-S012,N20261013,2026-10-14T03:00:00Z,900
N20261013-S013,N20261013,2026-10-14T03:15:00Z,900
N20261013-S014,N20261013,2026-10-14T03:30:00Z,900
N20261013-S015,N20261013,2026-10-14T03:45:00Z,900
N20261013-S016,N20261013,2026-10-14T04:00:00Z,900
N20261013-S017,N20261013,2026-10-14T04:15:00Z,900
N20261013-S018,N20261013,2026-10-14T04:30:00Z,900
N20261013-S019,N20261013,2026-10-14T04:45:00Z,900
N20261013-S020,N20261013,2026-10-14T05:00:00Z,900
N20261013-S021,N20261013,2026-10-14T05:15:00Z,900
N20261013-S022,N20261013,2026-10-14T05:30:00Z,900
N20261013-S023,N20261013,2026-10-14T05:45:00Z,900
N20261013-S024,N20261013,2026-10-14T06:00:00Z,900
N20261013-S025,N20261013,2026-10-14T06:15:00Z,900
N20261013-S026,N20261013,2026-10-14T06:30:00Z,900
N20261013-S027,N20261013,2026-10-14T06:45:00Z,900
N20261013-S028,N20261013,2026-10-14T07:00:00Z,900
N20261013-S029,N20261013,2026-10-14T07:15:00Z,900
N20261013-S030,N20261013,2026-10-14T07:30:00Z,900
N20261013-S031,N20261013,2026-10-14T07:45:00Z,900
N20261013-S032,N20261013,2026-10-14T08:00:00Z,900
N20261013-S033,N20261013,2026-10-14T08:15:00Z,900
N20261013-S034,N20261013,2026-10-14T08:30:00Z,900
N20261014-S001,N20261014,2026-10-15T00:15:00Z,900
N20261014-S002,N20261014,2026-10-15T00:30:00Z,900
N20261014-S003,N20261014,2026-10-15T00:45:00Z,900
N20261014-S004,N20261014,2026-10-15T01:00:00Z,900
N20261014-S005,N20261014,2026-10-15T01:15:00Z,900
N20261014-S006,N20261014,2026-10-15T01:30:00Z,900
N20261014-S007,N20261014,2026-10-15T01:45:00Z,900
N20261014-S008,N20261014,2026-10-15T02:00:00Z,900
N20261014-S009,N20261014,2026-10-15T02:15:00Z,900
N20261014-S010,N20261014,2026-10-15T02:30:00Z,900
N20261014-S011,N20261014,2026-10-15T02:45:00Z,900
N20261014-S012,N20261014,2026-10-15T03:00:00Z,900
N20261014-S013,N20261014,2026-10-15T03:15:00Z,900
N20261014-S014,N20261014,2026-10-15T03:30:00Z,900
N20261014-S015,N20261014,2026-10-15T03:45:00Z,900
N20261014-S016,N20261014,2026-10-15T04:00:00Z,900
N20261014-S017,N20261014,2026-10-15T04:15:00Z,900
N20261014-S018,N20261014,2026-10-15T04:30:00Z,900
N20261014-S019,N20261014,2026-10-15T04:45:00Z,900
N20261014-S020,N20261014,2026-10-15T05:00:00Z,900
N20261014-S021,N20261014,2026-10-15T05:15:00Z,900
N20261014-S022,N20261014,2026-10-15T05:30:00Z,900
N20261014-S023,N20261014,2026-10-15T05:45:00Z,900
N20261014-S024,N20261014,2026-10-15T06:00:00Z,900
N20261014-S025,N20261014,2026-10-15T06:15:00Z,900
N20261014-S026,N20261014,2026-10-15T06:30:00Z,900
N20261014-S027,N20261014,2026-10-15T06:45:00Z,900
N20261014-S028,N20261014,2026-10-15T07:00:00Z,900
N20261014-S029,N20261014,2026-10-15T07:15:00Z,900
N20261014-S030,N20261014,2026-10-15T07:30:00Z,900
N20261014-S031,N20261014,2026-10-15T07:45:00Z,900
N20261014-S032,N20261014,2026-10-15T08:00:00Z,900
N20261014-S033,N20261014,2026-10-15T08:15:00Z,900
N20261014-S034,N20261014,2026-10-15T08:30:00Z,900
N20261015-S001,N20261015,2026-10-16T00:15:00Z,900
N20261015-S002,N20261015,2026-10-16T00:30:00Z,900
N20261015-S003,N20261015,2026-10-16T00:45:00Z,900
N20261015-S004,N20261015,2026-10-16T01:00:00Z,900
N20261015-S005,N20261015,2026-10-16T01:15:00Z,900
N20261015-S006,N20261015,2026-10-16T01:30:00Z,900
N20261015-S007,N20261015,2026-10-16T01:45:00Z,900
N20261015-S008,N20261015,2026-10-16T02:00:00Z,900
N20261015-S009,N20261015,2026-10-16T02:15:00Z,900
N20261015-S010,N20261015,2026-10-16T02:30:00Z,900
N20261015-S011,N20261015,2026-10-16T02:45:00Z,900
N20261015-S012,N20261015,2026-10-16T03:00:00Z,900
N20261015-S013,N20261015,2026-10-16T03:15:00Z,900
N20261015-S014,N20261015,2026-10-16T03:30:00Z,900
N20261015-S015,N20261015,2026-10-16T03:45:00Z,900
N20261015-S016,N20261015,2026-10-16T04:00:00Z,900
N20261015-S017,N20261015,2026-10-16T04:15:00Z,900
N20261015-S018,N20261015,2026-10-16T04:30:00Z,900
N20261015-S019,N20261015,2026-10-16T04:45:00Z,900
N20261015-S020,N20261015,2026-10-16T05:00:00Z,900
N20261015-S021,N20261015,2026-10-16T05:15:00Z,900
N20261015-S022,N20261015,2026-10-16T05:30:00Z,900
N20261015-S023,N20261015,2026-10-16T05:45:00Z,900
N20261015-S024,N20261015,2026-10-16T06:00:00Z,900
N20261015-S025,N20261015,2026-10-16T06:15:00Z,900
N20261015-S026,N20261015,2026-10-16T06:30:00Z,900
N20261015-S027,N20261015,2026-10-16T06:45:00Z,900
N20261015-S028,N20261015,2026-10-16T07:00:00Z,900
N20261015-S029,N20261015,2026-10-16T07:15:00Z,900
N20261015-S030,N20261015,2026-10-16T07:30:00Z,900
N20261015-S031,N20261015,2026-10-16T07:45:00Z,900
N20261015-S032,N20261015,2026-10-16T08:00:00Z,900
N20261015-S033,N20261015,2026-10-16T08:15:00Z,900
N20261015-S034,N20261015,2026-10-16T08:30:00Z,900
N20261016-S001,N20261016,2026-10-17T00:15:00Z,900
N20261016-S002,N20261016,2026-10-17T00:30:00Z,900
N20261016-S003,N20261016,2026-10-17T00:45:00Z,900
N20261016-S004,N20261016,2026-10-17T01:00:00Z,900
N20261016-S005,N20261016,2026-10-17T01:15:00Z,900
N20261016-S006,N20261016,2026-10-17T01:30:00Z,900
N20261016-S007,N20261016,2026-10-17T01:45:00Z,900
N20261016-S008,N20261016,2026-10-17T02:00:00Z,900
N20261016-S009,N20261016,2026-10-17T02:15:00Z,900
N20261016-S010,N20261016,2026-10-17T02:30:00Z,900
N20261016-S011,N20261016,2026-10-17T02:45:00Z,900
N20261016-S012,N20261016,2026-10-17T03:00:00Z,900
N20261016-S013,N20261016,2026-10-17T03:15:00Z,900
N20261016-S014,N20261016,2026-10-17T03:30:00Z,900
N20261016-S015,N20261016,2026-10-17T03:45:00Z,900
N20261016-S016,N20261016,2026-10-17T04:00:00Z,900
N20261016-S017,N20261016,2026-10-17T04:15:00Z,900
N20261016-S018,N20261016,2026-10-17T04:30:00Z,900
N20261016-S019,N20261016,2026-10-17T04:45:00Z,900
N20261016-S020,N20261016,2026-10-17T05:00:00Z,900
N20261016-S021,N20261016,2026-10-17T05:15:00Z,900
N20261016-S022,N20261016,2026-10-17T05:30:00Z,900
N20261016-S023,N20261016,2026-10-17T05:45:00Z,900
N20261016-S024,N20261016,2026-10-17T06:00:00Z,900
N20261016-S025,N20261016,2026-10-17T06:15:00Z,900
N20261016-S026,N20261016,2026-10-17T06:30:00Z,900
N20261016-S027,N20261016,2026-10-17T06:45:00Z,900
N20261016-S028,N20261016,2026-10-17T07:00:00Z,900
N20261016-S029,N20261016,2026-10-17T07:15:00Z,900
N20261016-S030,N20261016,2026-10-17T07:30:00Z,900
N20261016-S031,N20261016,2026-10-17T07:45:00Z,900
N20261016-S032,N20261016,2026-10-17T08:00:00Z,900
N20261016-S033,N20261016,2026-10-17T08:15:00Z,900
N20261016-S034,N20261016,2026-10-17T08:30:00Z,900
N20261017-S001,N20261017,2026-10-18T00:15:00Z,900
N20261017-S002,N20261017,2026-10-18T00:30:00Z,900
N20261017-S003,N20261017,2026-10-18T00:45:00Z,900
N20261017-S004,N20261017,2026-10-18T01:00:00Z,900
N20261017-S005,N20261017,2026-10-18T01:15:00Z,900
N20261017-S006,N20261017,2026-10-18T01:30:00Z,900
N20261017-S007,N20261017,2026-10-18T01:45:00Z,900
N20261017-S008,N20261017,2026-10-18T02:00:00Z,900
N20261017-S009,N20261017,2026-10-18T02:15:00Z,900
N20261017-S010,N20261017,2026-10-18T02:30:00Z,900
N20261017-S011,N20261017,2026-10-18T02:45:00Z,900
N20261017-S012,N20261017,2026-10-18T03:00:00Z,900
N20261017-S013,N20261017,2026-10-18T03:15:00Z,900
N20261017-S014,N20261017,2026-10-18T03:30:00Z,900
N20261017-S015,N20261017,2026-10-18T03:45:00Z,900
N20261017-S016,N20261017,2026-10-18T04:00:00Z,900
N20261017-S017,N20261017,2026-10-18T04:15:00Z,900
N20261017-S018,N20261017,2026-10-18T04:30:00Z,900
N20261017-S019,N20261017,2026-10-18T04:45:00Z,900
N20261017-S020,N20261017,2026-10-18T05:00:00Z,900
N20261017-S021,N20261017,2026-10-18T05:15:00Z,900
N20261017-S022,N20261017,2026-10-18T05:30:00Z,900
N20261017-S023,N20261017,2026-10-18T05:45:00Z,900
N20261017-S024,N20261017,2026-10-18T06:00:00Z,900
N20261017-S025,N20261017,2026-10-18T06:15:00Z,900
N20261017-S026,N20261017,2026-10-18T06:30:00Z,900
N20261017-S027,N20261017,2026-10-18T06:45:00Z,900
N20261017-S028,N20261017,2026-10-18T07:00:00Z,900
N20261017-S029,N20261017,2026-10-18T07:15:00Z,900
N20261017-S030,N20261017,2026-10-18T07:30:00Z,900
N20261017-S031,N20261017,2026-10-18T07:45:00Z,900
N20261017-S032,N20261017,2026-10-18T08:00:00Z,900
N20261017-S033,N20261017,2026-10-18T08:15:00Z,900
N20261017-S034,N20261017,2026-10-18T08:30:00Z,900
N20261018-S001,N20261018,2026-10-19T00:15:00Z,900
N20261018-S002,N20261018,2026-10-19T00:30:00Z,900
N20261018-S003,N20261018,2026-10-19T00:45:00Z,900
N20261018-S004,N20261018,2026-10-19T01:00:00Z,900
N20261018-S005,N20261018,2026-10-19T01:15:00Z,900
N20261018-S006,N20261018,2026-10-19T01:30:00Z,900
N20261018-S007,N20261018,2026-10-19T01:45:00Z,900
N20261018-S008,N20261018,2026-10-19T02:00:00Z,900
N20261018-S009,N20261018,2026-10-19T02:15:00Z,900
N20261018-S010,N20261018,2026-10-19T02:30:00Z,900
N20261018-S011,N20261018,2026-10-19T02:45:00Z,900
N20261018-S012,N20261018,2026-10-19T03:00:00Z,900
N20261018-S013,N20261018,2026-10-19T03:15:00Z,900
N20261018-S014,N20261018,2026-10-19T03:30:00Z,900
N20261018-S015,N20261018,2026-10-19T03:45:00Z,900
N20261018-S016,N20261018,2026-10-19T04:00:00Z,900
N20261018-S017,N20261018,2026-10-19T04:15:00Z,900
N20261018-S018,N20261018,2026-10-19T04:30:00Z,900
N20261018-S019,N20261018,2026-10-19T04:45:00Z,900
N20261018-S020,N20261018,2026-10-19T05:00:00Z,900
N20261018-S021,N20261018,2026-10-19T05:15:00Z,900
N20261018-S022,N20261018,2026-10-19T05:30:00Z,900
N20261018-S023,N20261018,2026-10-19T05:45:00Z,900
N20261018-S024,N20261018,2026-10-19T06:00:00Z,900
N20261018-S025,N20261018,2026-10-19T06:15:00Z,900
N20261018-S026,N20261018,2026-10-19T06:30:00Z,900
N20261018-S027,N20261018,2026-10-19T06:45:00Z,900
N20261018-S028,N20261018,2026-10-19T07:00:00Z,900
N20261018-S029,N20261018,2026-10-19T07:15:00Z,900
N20261018-S030,N20261018,2026-10-19T07:30:00Z,900
N20261018-S031,N20261018,2026-10-19T07:45:00Z,900
N20261018-S032,N20261018,2026-10-19T08:00:00Z,900
N20261018-S033,N20261018,2026-10-19T08:15:00Z,900
N20261018-S034,N20261018,2026-10-19T08:30:00Z,900
N20261019-S001,N20261019,2026-10-20T00:15:00Z,900
N20261019-S002,N20261019,2026-10-20T00:30:00Z,900
N20261019-S003,N20261019,2026-10-20T00:45:00Z,900
N20261019-S004,N20261019,2026-10-20T01:00:00Z,900
N20261019-S005,N20261019,2026-10-20T01:15:00Z,900
N20261019-S006,N20261019,2026-10-20T01:30:00Z,900
N20261019-S007,N20261019,2026-10-20T01:45:00Z,900
N20261019-S008,N20261019,2026-10-20T02:00:00Z,900
N20261019-S009,N20261019,2026-10-20T02:15:00Z,900
N20261019-S010,N20261019,2026-10-20T02:30:00Z,900
N20261019-S011,N20261019,2026-10-20T02:45:00Z,900
N20261019-S012,N20261019,2026-10-20T03:00:00Z,900
N20261019-S013,N20261019,2026-10-20T03:15:00Z,900
N20261019-S014,N20261019,2026-10-20T03:30:00Z,900
N20261019-S015,N20261019,2026-10-20T03:45:00Z,900
N20261019-S016,N20261019,2026-10-20T04:00:00Z,900
N20261019-S017,N20261019,2026-10-20T04:15:00Z,900
N20261019-S018,N20261019,2026-10-20T04:30:00Z,900
N20261019-S019,N20261019,2026-10-20T04:45:00Z,900
N20261019-S020,N20261019,2026-10-20T05:00:00Z,900
N20261019-S021,N20261019,2026-10-20T05:15:00Z,900
N20261019-S022,N20261019,2026-10-20T05:30:00Z,900
N20261019-S023,N20261019,2026-10-20T05:45:00Z,900
N20261019-S024,N20261019,2026-10-20T06:00:00Z,900
N20261019-S025,N20261019,2026-10-20T06:15:00Z,900
N20261019-S026,N20261019,2026-10-20T06:30:00Z,900
N20261019-S027,N20261019,2026-10-20T06:45:00Z,900
N20261019-S028,N20261019,2026-10-20T07:00:00Z,900
N20261019-S029,N20261019,2026-10-20T07:15:00Z,900
N20261019-S030,N20261019,2026-10-20T07:30:00Z,900
N20261019-S031,N20261019,2026-10-20T07:45:00Z,900
N20261019-S032,N20261019,2026-10-20T08:00:00Z,900
N20261019-S033,N20261019,2026-10-20T08:15:00Z,900
N20261020-S001,N20261020,2026-10-21T00:15:00Z,900
N20261020-S002,N20261020,2026-10-21T00:30:00Z,900
N20261020-S003,N20261020,2026-10-21T00:45:00Z,900
N20261020-S004,N20261020,2026-10-21T01:00:00Z,900
N20261020-S005,N20261020,2026-10-21T01:15:00Z,900
N20261020-S006,N20261020,2026-10-21T01:30:00Z,900
N20261020-S007,N20261020,2026-10-21T01:45:00Z,900
N20261020-S008,N20261020,2026-10-21T02:00:00Z,900
N20261020-S009,N20261020,2026-10-21T02:15:00Z,900
N20261020-S010,N20261020,2026-10-21T02:30:00Z,900
N20261020-S011,N20261020,2026-10-21T02:45:00Z,900
N20261020-S012,N20261020,2026-10-21T03:00:00Z,900
N20261020-S013,N20261020,2026-10-21T03:15:00Z,900
N20261020-S014,N20261020,2026-10-21T03:30:00Z,900
N20261020-S015,N20261020,2026-10-21T03:45:00Z,900
N20261020-S016,N20261020,2026-10-21T04:00:00Z,900
N20261020-S017,N20261020,2026-10-21T04:15:00Z,900
N20261020-S018,N20261020,2026-10-21T04:30:00Z,900
N20261020-S019,N20261020,2026-10-21T04:45:00Z,900
N20261020-S020,N20261020,2026-10-21T05:00:00Z,900
N20261020-S021,N20261020,2026-10-21T05:15:00Z,900
N20261020-S022,N20261020,2026-10-21T05:30:00Z,900
N20261020-S023,N20261020,2026-10-21T05:45:00Z,900
N20261020-S024,N20261020,2026-10-21T06:00:00Z,900
N20261020-S025,N20261020,2026-10-21T06:15:00Z,900
N20261020-S026,N20261020,2026-10-21T06:30:00Z,900
N20261020-S027,N20261020,2026-10-21T06:45:00Z,900
N20261020-S028,N20261020,2026-10-21T07:00:00Z,900
N20261020-S029,N20261020,2026-10-21T07:15:00Z,900
N20261020-S030,N20261020,2026-10-21T07:30:00Z,900
N20261020-S031,N20261020,2026-10-21T07:45:00Z,900
N20261020-S032,N20261020,2026-10-21T08:00:00Z,900
N20261020-S033,N20261020,2026-10-21T08:15:00Z,900
N20261021-S001,N20261021,2026-10-22T00:15:00Z,900
N20261021-S002,N20261021,2026-10-22T00:30:00Z,900
N20261021-S003,N20261021,2026-10-22T00:45:00Z,900
N20261021-S004,N20261021,2026-10-22T01:00:00Z,900
N20261021-S005,N20261021,2026-10-22T01:15:00Z,900
N20261021-S006,N20261021,2026-10-22T01:30:00Z,900
N20261021-S007,N20261021,2026-10-22T01:45:00Z,900
N20261021-S008,N20261021,2026-10-22T02:00:00Z,900
N20261021-S009,N20261021,2026-10-22T02:15:00Z,900
N20261021-S010,N20261021,2026-10-22T02:30:00Z,900
N20261021-S011,N20261021,2026-10-22T02:45:00Z,900
N20261021-S012,N20261021,2026-10-22T03:00:00Z,900
N20261021-S013,N20261021,2026-10-22T03:15:00Z,900
N20261021-S014,N20261021,2026-10-22T03:30:00Z,900
N20261021-S015,N20261021,2026-10-22T03:45:00Z,900
N20261021-S016,N20261021,2026-10-22T04:00:00Z,900
N20261021-S017,N20261021,2026-10-22T04:15:00Z,900
N20261021-S018,N20261021,2026-10-22T04:30:00Z,900
N20261021-S019,N20261021,2026-10-22T04:45:00Z,900
N20261021-S020,N20261021,2026-10-22T05:00:00Z,900
N20261021-S021,N20261021,2026-10-22T05:15:00Z,900
N20261021-S022,N20261021,2026-10-22T05:30:00Z,900
N20261021-S023,N20261021,2026-10-22T05:45:00Z,900
N20261021-S024,N20261021,2026-10-22T06:00:00Z,900
N20261021-S025,N20261021,2026-10-22T06:15:00Z,900
N20261021-S026,N20261021,2026-10-22T06:30:00Z,900
N20261021-S027,N20261021,2026-10-22T06:45:00Z,900
N20261021-S028,N20261021,2026-10-22T07:00:00Z,900
N20261021-S029,N20261021,2026-10-22T07:15:00Z,900
N20261021-S030,N20261021,2026-10-22T07:30:00Z,900
N20261021-S031,N20261021,2026-10-22T07:45:00Z,900
N20261021-S032,N20261021,2026-10-22T08:00:00Z,900
N20261021-S033,N20261021,2026-10-22T08:15:00Z,900
N20261022-S001,N20261022,2026-10-23T00:15:00Z,900
N20261022-S002,N20261022,2026-10-23T00:30:00Z,900
N20261022-S003,N20261022,2026-10-23T00:45:00Z,900
N20261022-S004,N20261022,2026-10-23T01:00:00Z,900
N20261022-S005,N20261022,2026-10-23T01:15:00Z,900
N20261022-S006,N20261022,2026-10-23T01:30:00Z,900
N20261022-S007,N20261022,2026-10-23T01:45:00Z,900
N20261022-S008,N20261022,2026-10-23T02:00:00Z,900
N20261022-S009,N20261022,2026-10-23T02:15:00Z,900
N20261022-S010,N20261022,2026-10-23T02:30:00Z,900
N20261022-S011,N20261022,2026-10-23T02:45:00Z,900
N20261022-S012,N20261022,2026-10-23T03:00:00Z,900
N20261022-S013,N20261022,2026-10-23T03:15:00Z,900
N20261022-S014,N20261022,2026-10-23T03:30:00Z,900
N20261022-S015,N20261022,2026-10-23T03:45:00Z,900
N20261022-S016,N20261022,2026-10-23T04:00:00Z,900
N20261022-S017,N20261022,2026-10-23T04:15:00Z,900
N20261022-S018,N20261022,2026-10-23T04:30:00Z,900
N20261022-S019,N20261022,2026-10-23T04:45:00Z,900
N20261022-S020,N20261022,2026-10-23T05:00:00Z,900
N20261022-S021,N20261022,2026-10-23T05:15:00Z,900
N20261022-S022,N20261022,2026-10-23T05:30:00Z,900
N20261022-S023,N20261022,2026-10-23T05:45:00Z,900
N20261022-S024,N20261022,2026-10-23T06:00:00Z,900
N20261022-S025,N20261022,2026-10-23T06:15:00Z,900
N20261022-S026,N20261022,2026-10-23T06:30:00Z,900
N20261022-S027,N20261022,2026-10-23T06:45:00Z,900
N20261022-S028,N20261022,2026-10-23T07:00:00Z,900
N20261022-S029,N20261022,2026-10-23T07:15:00Z,900
N20261022-S030,N20261022,2026-10-23T07:30:00Z,900
N20261022-S031,N20261022,2026-10-23T07:45:00Z,900
N20261022-S032,N20261022,2026-10-23T08:00:00Z,900
N20261022-S033,N20261022,2026-10-23T08:15:00Z,900
N20261023-S001,N20261023,2026-10-24T00:15:00Z,900
N20261023-S002,N20261023,2026-10-24T00:30:00Z,900
N20261023-S003,N20261023,2026-10-24T00:45:00Z,900
N20261023-S004,N20261023,2026-10-24T01:00:00Z,900
N20261023-S005,N20261023,2026-10-24T01:15:00Z,900
N20261023-S006,N20261023,2026-10-24T01:30:00Z,900
N20261023-S007,N20261023,2026-10-24T01:45:00Z,900
N20261023-S008,N20261023,2026-10-24T02:00:00Z,900
N20261023-S009,N20261023,2026-10-24T02:15:00Z,900
N20261023-S010,N20261023,2026-10-24T02:30:00Z,900
N20261023-S011,N20261023,2026-10-24T02:45:00Z,900
N20261023-S012,N20261023,2026-10-24T03:00:00Z,900
N20261023-S013,N20261023,2026-10-24T03:15:00Z,900
N20261023-S014,N20261023,2026-10-24T03:30:00Z,900
N20261023-S015,N20261023,2026-10-24T03:45:00Z,900
N20261023-S016,N20261023,2026-10-24T04:00:00Z,900
N20261023-S017,N20261023,2026-10-24T04:15:00Z,900
N20261023-S018,N20261023,2026-10-24T04:30:00Z,900
N20261023-S019,N20261023,2026-10-24T04:45:00Z,900
N20261023-S020,N20261023,2026-10-24T05:00:00Z,900
N20261023-S021,N20261023,2026-10-24T05:15:00Z,900
N20261023-S022,N20261023,2026-10-24T05:30:00Z,900
N20261023-S023,N20261023,2026-10-24T05:45:00Z,900
N20261023-S024,N20261023,2026-10-24T06:00:00Z,900
N20261023-S025,N20261023,2026-10-24T06:15:00Z,900
N20261023-S026,N20261023,2026-10-24T06:30:00Z,900
N20261023-S027,N20261023,2026-10-24T06:45:00Z,900
N20261023-S028,N20261023,2026-10-24T07:00:00Z,900
N20261023-S029,N20261023,2026-10-24T07:15:00Z,900
N20261023-S030,N20261023,2026-10-24T07:30:00Z,900
N20261023-S031,N20261023,2026-10-24T07:45:00Z,900
N20261023-S032,N20261023,2026-10-24T08:00:00Z,900
N20261023-S033,N20261023,2026-10-24T08:15:00Z,900
N20261024-S001,N20261024,2026-10-25T00:15:00Z,900
N20261024-S002,N20261024,2026-10-25T00:30:00Z,900
N20261024-S003,N20261024,2026-10-25T00:45:00Z,900
N20261024-S004,N20261024,2026-10-25T01:00:00Z,900
N20261024-S005,N20261024,2026-10-25T01:15:00Z,900
N20261024-S006,N20261024,2026-10-25T01:30:00Z,900
N20261024-S007,N20261024,2026-10-25T01:45:00Z,900
N20261024-S008,N20261024,2026-10-25T02:00:00Z,900
N20261024-S009,N20261024,2026-10-25T02:15:00Z,900
N20261024-S010,N20261024,2026-10-25T02:30:00Z,900
N20261024-S011,N20261024,2026-10-25T02:45:00Z,900
N20261024-S012,N20261024,2026-10-25T03:00:00Z,900
N20261024-S013,N20261024,2026-10-25T03:15:00Z,900
N20261024-S014,N20261024,2026-10-25T03:30:00Z,900
N20261024-S015,N20261024,2026-10-25T03:45:00Z,900
N20261024-S016,N20261024,2026-10-25T04:00:00Z,900
N20261024-S017,N20261024,2026-10-25T04:15:00Z,900
N20261024-S018,N20261024,2026-10-25T04:30:00Z,900
N20261024-S019,N20261024,2026-10-25T04:45:00Z,900
N20261024-S020,N20261024,2026-10-25T05:00:00Z,900
N20261024-S021,N20261024,2026-10-25T05:15:00Z,900
N20261024-S022,N20261024,2026-10-25T05:30:00Z,900
N20261024-S023,N20261024,2026-10-25T05:45:00Z,900
N20261024-S024,N20261024,2026-10-25T06:00:00Z,900
N20261024-S025,N20261024,2026-10-25T06:15:00Z,900
N20261024-S026,N20261024,2026-10-25T06:30:00Z,900
N20261024-S027,N20261024,2026-10-25T06:45:00Z,900
N20261024-S028,N20261024,2026-10-25T07:00:00Z,900
N20261024-S029,N20261024,2026-10-25T07:15:00Z,900
N20261024-S030,N20261024,2026-10-25T07:30:00Z,900
N20261024-S031,N20261024,2026-10-25T07:45:00Z,900
N20261024-S032,N20261024,2026-10-25T08:00:00Z,900
N20261024-S033,N20261024,2026-10-25T08:15:00Z,900
N20261025-S001,N20261025,2026-10-26T00:15:00Z,900
N20261025-S002,N20261025,2026-10-26T00:30:00Z,900
N20261025-S003,N20261025,2026-10-26T00:45:00Z,900
N20261025-S004,N20261025,2026-10-26T01:00:00Z,900
N20261025-S005,N20261025,2026-10-26T01:15:00Z,900
N20261025-S006,N20261025,2026-10-26T01:30:00Z,900
N20261025-S007,N20261025,2026-10-26T01:45:00Z,900
N20261025-S008,N20261025,2026-10-26T02:00:00Z,900
N20261025-S009,N20261025,2026-10-26T02:15:00Z,900
N20261025-S010,N20261025,2026-10-26T02:30:00Z,900
N20261025-S011,N20261025,2026-10-26T02:45:00Z,900
N20261025-S012,N20261025,2026-10-26T03:00:00Z,900
N20261025-S013,N20261025,2026-10-26T03:15:00Z,900
N20261025-S014,N20261025,2026-10-26T03:30:00Z,900
N20261025-S015,N20261025,2026-10-26T03:45:00Z,900
N20261025-S016,N20261025,2026-10-26T04:00:00Z,900
N20261025-S017,N20261025,2026-10-26T04:15:00Z,900
N20261025-S018,N20261025,2026-10-26T04:30:00Z,900
N20261025-S019,N20261025,2026-10-26T04:45:00Z,900
N20261025-S020,N20261025,2026-10-26T05:00:00Z,900
N20261025-S021,N20261025,2026-10-26T05:15:00Z,900
N20261025-S022,N20261025,2026-10-26T05:30:00Z,900
N20261025-S023,N20261025,2026-10-26T05:45:00Z,900
N20261025-S024,N20261025,2026-10-26T06:00:00Z,900
N20261025-S025,N20261025,2026-10-26T06:15:00Z,900
N20261025-S026,N20261025,2026-10-26T06:30:00Z,900
N20261025-S027,N20261025,2026-10-26T06:45:00Z,900
N20261025-S028,N20261025,2026-10-26T07:00:00Z,900
N20261025-S029,N20261025,2026-10-26T07:15:00Z,900
N20261025-S030,N20261025,2026-10-26T07:30:00Z,900
N20261025-S031,N20261025,2026-10-26T07:45:00Z,900
N20261025-S032,N20261025,2026-10-26T08:00:00Z,900
N20261025-S033,N20261025,2026-10-26T08:15:00Z,900
N20261026-S001,N20261026,2026-10-27T00:15:00Z,900
N20261026-S002,N20261026,2026-10-27T00:30:00Z,900
N20261026-S003,N20261026,2026-10-27T00:45:00Z,900
N20261026-S004,N20261026,2026-10-27T01:00:00Z,900
N20261026-S005,N20261026,2026-10-27T01:15:00Z,900
N20261026-S006,N20261026,2026-10-27T01:30:00Z,900
N20261026-S007,N20261026,2026-10-27T01:45:00Z,900
N20261026-S008,N20261026,2026-10-27T02:00:00Z,900
N20261026-S009,N20261026,2026-10-27T02:15:00Z,900
N20261026-S010,N20261026,2026-10-27T02:30:00Z,900
N20261026-S011,N20261026,2026-10-27T02:45:00Z,900
N20261026-S012,N20261026,2026-10-27T03:00:00Z,900
N20261026-S013,N20261026,2026-10-27T03:15:00Z,900
N20261026-S014,N20261026,2026-10-27T03:30:00Z,900
N20261026-S015,N20261026,2026-10-27T03:45:00Z,900
N20261026-S016,N20261026,2026-10-27T04:00:00Z,900
N20261026-S017,N20261026,2026-10-27T04:15:00Z,900
N20261026-S018,N20261026,2026-10-27T04:30:00Z,900
N20261026-S019,N20261026,2026-10-27T04:45:00Z,900
N20261026-S020,N20261026,2026-10-27T05:00:00Z,900
N20261026-S021,N20261026,2026-10-27T05:15:00Z,900
N20261026-S022,N20261026,2026-10-27T05:30:00Z,900
N20261026-S023,N20261026,2026-10-27T05:45:00Z,900
N20261026-S024,N20261026,2026-10-27T06:00:00Z,900
N20261026-S025,N20261026,2026-10-27T06:15:00Z,900
N20261026-S026,N20261026,2026-10-27T06:30:00Z,900
N20261026-S027,N20261026,2026-10-27T06:45:00Z,900
N20261026-S028,N20261026,2026-10-27T07:00:00Z,900
N20261026-S029,N20261026,2026-10-27T07:15:00Z,900
N20261026-S030,N20261026,2026-10-27T07:30:00Z,900
N20261026-S031,N20261026,2026-10-27T07:45:00Z,900
N20261026-S032,N20261026,2026-10-27T08:00:00Z,900
N20261026-S033,N20261026,2026-10-27T08:15:00Z,900
N20261027-S001,N20261027,2026-10-28T00:15:00Z,900
N20261027-S002,N20261027,2026-10-28T00:30:00Z,900
N20261027-S003,N20261027,2026-10-28T00:45:00Z,900
N20261027-S004,N20261027,2026-10-28T01:00:00Z,900
N20261027-S005,N20261027,2026-10-28T01:15:00Z,900
N20261027-S006,N20261027,2026-10-28T01:30:00Z,900
N20261027-S007,N20261027,2026-10-28T01:45:00Z,900
N20261027-S008,N20261027,2026-10-28T02:00:00Z,900
N20261027-S009,N20261027,2026-10-28T02:15:00Z,900
N20261027-S010,N20261027,2026-10-28T02:30:00Z,900
N20261027-S011,N20261027,2026-10-28T02:45:00Z,900
N20261027-S012,N20261027,2026-10-28T03:00:00Z,900
N20261027-S013,N20261027,2026-10-28T03:15:00Z,900
N20261027-S014,N20261027,2026-10-28T03:30:00Z,900
N20261027-S015,N20261027,2026-10-28T03:45:00Z,900
N20261027-S016,N20261027,2026-10-28T04:00:00Z,900
N20261027-S017,N20261027,2026-10-28T04:15:00Z,900
N20261027-S018,N20261027,2026-10-28T04:30:00Z,900
N20261027-S019,N20261027,2026-10-28T04:45:00Z,900
N20261027-S020,N20261027,2026-10-28T05:00:00Z,900
N20261027-S021,N20261027,2026-10-28T05:15:00Z,900
N20261027-S022,N20261027,2026-10-28T05:30:00Z,900
N20261027-S023,N20261027,2026-10-28T05:45:00Z,900
N20261027-S024,N20261027,2026-10-28T06:00:00Z,900
N20261027-S025,N20261027,2026-10-28T06:15:00Z,900
N20261027-S026,N20261027,2026-10-28T06:30:00Z,900
N20261027-S027,N20261027,2026-10-28T06:45:00Z,900
N20261027-S028,N20261027,2026-10-28T07:00:00Z,900
N20261027-S029,N20261027,2026-10-28T07:15:00Z,900
N20261027-S030,N20261027,2026-10-28T07:30:00Z,900
N20261027-S031,N20261027,2026-10-28T07:45:00Z,900
N20261027-S032,N20261027,2026-10-28T08:00:00Z,900
N20261027-S033,N20261027,2026-10-28T08:15:00Z,900
N20261028-S001,N20261028,2026-10-29T00:15:00Z,900
N20261028-S002,N20261028,2026-10-29T00:30:00Z,900
N20261028-S003,N20261028,2026-10-29T00:45:00Z,900
N20261028-S004,N20261028,2026-10-29T01:00:00Z,900
N20261028-S005,N20261028,2026-10-29T01:15:00Z,900
N20261028-S006,N20261028,2026-10-29T01:30:00Z,900
N20261028-S007,N20261028,2026-10-29T01:45:00Z,900
N20261028-S008,N20261028,2026-10-29T02:00:00Z,900
N20261028-S009,N20261028,2026-10-29T02:15:00Z,900
N20261028-S010,N20261028,2026-10-29T02:30:00Z,900
N20261028-S011,N20261028,2026-10-29T02:45:00Z,900
N20261028-S012,N20261028,2026-10-29T03:00:00Z,900
N20261028-S013,N20261028,2026-10-29T03:15:00Z,900
N20261028-S014,N20261028,2026-10-29T03:30:00Z,900
N20261028-S015,N20261028,2026-10-29T03:45:00Z,900
N20261028-S016,N20261028,2026-10-29T04:00:00Z,900
N20261028-S017,N20261028,2026-10-29T04:15:00Z,900
N20261028-S018,N20261028,2026-10-29T04:30:00Z,900
N20261028-S019,N20261028,2026-10-29T04:45:00Z,900
N20261028-S020,N20261028,2026-10-29T05:00:00Z,900
N20261028-S021,N20261028,2026-10-29T05:15:00Z,900
N20261028-S022,N20261028,2026-10-29T05:30:00Z,900
N20261028-S023,N20261028,2026-10-29T05:45:00Z,900
N20261028-S024,N20261028,2026-10-29T06:00:00Z,900
N20261028-S025,N20261028,2026-10-29T06:15:00Z,900
N20261028-S026,N20261028,2026-10-29T06:30:00Z,900
N20261028-S027,N20261028,2026-10-29T06:45:00Z,900
N20261028-S028,N20261028,2026-10-29T07:00:00Z,900
N20261028-S029,N20261028,2026-10-29T07:15:00Z,900
N20261028-S030,N20261028,2026-10-29T07:30:00Z,900
N20261028-S031,N20261028,2026-10-29T07:45:00Z,900
N20261028-S032,N20261028,2026-10-29T08:00:00Z,900
N20261028-S033,N20261028,2026-10-29T08:15:00Z,900
N20261029-S001,N20261029,2026-10-30T00:30:00Z,900
N20261029-S002,N20261029,2026-10-30T00:45:00Z,900
N20261029-S003,N20261029,2026-10-30T01:00:00Z,900
N20261029-S004,N20261029,2026-10-30T01:15:00Z,900
N20261029-S005,N20261029,2026-10-30T01:30:00Z,900
N20261029-S006,N20261029,2026-10-30T01:45:00Z,900
N20261029-S007,N20261029,2026-10-30T02:00:00Z,900
N20261029-S008,N20261029,2026-10-30T02:15:00Z,900
N20261029-S009,N20261029,2026-10-30T02:30:00Z,900
N20261029-S010,N20261029,2026-10-30T02:45:00Z,900
N20261029-S011,N20261029,2026-10-30T03:00:00Z,900
N20261029-S012,N20261029,2026-10-30T03:15:00Z,900
N20261029-S013,N20261029,2026-10-30T03:30:00Z,900
N20261029-S014,N20261029,2026-10-30T03:45:00Z,900
N20261029-S015,N20261029,2026-10-30T04:00:00Z,900
N20261029-S016,N20261029,2026-10-30T04:15:00Z,900
N20261029-S017,N20261029,2026-10-30T04:30:00Z,900
N20261029-S018,N20261029,2026-10-30T04:45:00Z,900
N20261029-S019,N20261029,2026-10-30T05:00:00Z,900
N20261029-S020,N20261029,2026-10-30T05:15:00Z,900
N20261029-S021,N20261029,2026-10-30T05:30:00Z,900
N20261029-S022,N20261029,2026-10-30T05:45:00Z,900
N20261029-S023,N20261029,2026-10-30T06:00:00Z,900
N20261029-S024,N20261029,2026-10-30T06:15:00Z,900
N20261029-S025,N20261029,2026-10-30T06:30:00Z,900
N20261029-S026,N20261029,2026-10-30T06:45:00Z,900
N20261029-S027,N20261029,2026-10-30T07:00:00Z,900
N20261029-S028,N20261029,2026-10-30T07:15:00Z,900
N20261029-S029,N20261029,2026-10-30T07:30:00Z,900
N20261029-S030,N20261029,2026-10-30T07:45:00Z,900
N20261029-S031,N20261029,2026-10-30T08:00:00Z,900
N20261029-S032,N20261029,2026-10-30T08:15:00Z,900
N20261030-S001,N20261030,2026-10-31T00:30:00Z,900
N20261030-S002,N20261030,2026-10-31T00:45:00Z,900
N20261030-S003,N20261030,2026-10-31T01:00:00Z,900
N20261030-S004,N20261030,2026-10-31T01:15:00Z,900
N20261030-S005,N20261030,2026-10-31T01:30:00Z,900
N20261030-S006,N20261030,2026-10-31T01:45:00Z,900
N20261030-S007,N20261030,2026-10-31T02:00:00Z,900
N20261030-S008,N20261030,2026-10-31T02:15:00Z,900
N20261030-S009,N20261030,2026-10-31T02:30:00Z,900
N20261030-S010,N20261030,2026-10-31T02:45:00Z,900
N20261030-S011,N20261030,2026-10-31T03:00:00Z,900
N20261030-S012,N20261030,2026-10-31T03:15:00Z,900
N20261030-S013,N20261030,2026-10-31T03:30:00Z,900
N20261030-S014,N20261030,2026-10-31T03:45:00Z,900
N20261030-S015,N20261030,2026-10-31T04:00:00Z,900
N20261030-S016,N20261030,2026-10-31T04:15:00Z,900
N20261030-S017,N20261030,2026-10-31T04:30:00Z,900
N20261030-S018,N20261030,2026-10-31T04:45:00Z,900
N20261030-S019,N20261030,2026-10-31T05:00:00Z,900
N20261030-S020,N20261030,2026-10-31T05:15:00Z,900
N20261030-S021,N20261030,2026-10-31T05:30:00Z,900
N20261030-S022,N20261030,2026-10-31T05:45:00Z,900
N20261030-S023,N20261030,2026-10-31T06:00:00Z,900
N20261030-S024,N20261030,2026-10-31T06:15:00Z,900
N20261030-S025,N20261030,2026-10-31T06:30:00Z,900
N20261030-S026,N20261030,2026-10-31T06:45:00Z,900
N20261030-S027,N20261030,2026-10-31T07:00:00Z,900
N20261030-S028,N20261030,2026-10-31T07:15:00Z,900
N20261030-S029,N20261030,2026-10-31T07:30:00Z,900
N20261030-S030,N20261030,2026-10-31T07:45:00Z,900
N20261030-S031,N20261030,2026-10-31T08:00:00Z,900
N20261030-S032,N20261030,2026-10-31T08:15:00Z,900
N20261031-S001,N20261031,2026-11-01T00:30:00Z,900
N20261031-S002,N20261031,2026-11-01T00:45:00Z,900
N20261031-S003,N20261031,2026-11-01T01:00:00Z,900
N20261031-S004,N20261031,2026-11-01T01:15:00Z,900
N20261031-S005,N20261031,2026-11-01T01:30:00Z,900
N20261031-S006,N20261031,2026-11-01T01:45:00Z,900
N20261031-S007,N20261031,2026-11-01T02:00:00Z,900
N20261031-S008,N20261031,2026-11-01T02:15:00Z,900
N20261031-S009,N20261031,2026-11-01T02:30:00Z,900
N20261031-S010,N20261031,2026-11-01T02:45:00Z,900
N20261031-S011,N20261031,2026-11-01T03:00:00Z,900
N20261031-S012,N20261031,2026-11-01T03:15:00Z,900
N20261031-S013,N20261031,2026-11-01T03:30:00Z,900
N20261031-S014,N20261031,2026-11-01T03:45:00Z,900
N20261031-S015,N20261031,2026-11-01T04:00:00Z,900
N20261031-S016,N20261031,2026-11-01T04:15:00Z,900
N20261031-S017,N20261031,2026-11-01T04:30:00Z,900
N20261031-S018,N20261031,2026-11-01T04:45:00Z,900
N20261031-S019,N20261031,2026-11-01T05:00:00Z,900
N20261031-S020,N20261031,2026-11-01T05:15:00Z,900
N20261031-S021,N20261031,2026-11-01T05:30:00Z,900
N20261031-S022,N20261031,2026-11-01T05:45:00Z,900
N20261031-S023,N20261031,2026-11-01T06:00:00Z,900
N20261031-S024,N20261031,2026-11-01T06:15:00Z,900
N20261031-S025,N20261031,2026-11-01T06:30:00Z,900
N20261031-S026,N20261031,2026-11-01T06:45:00Z,900
N20261031-S027,N20261031,2026-11-01T07:00:00Z,900
N20261031-S028,N20261031,2026-11-01T07:15:00Z,900
N20261031-S029,N20261031,2026-11-01T07:30:00Z,900
N20261031-S030,N20261031,2026-11-01T07:45:00Z,900
N20261031-S031,N20261031,2026-11-01T08:00:00Z,900
N20261031-S032,N20261031,2026-11-01T08:15:00Z,900
N20261101-S001,N20261101,2026-11-02T00:30:00Z,900
N20261101-S002,N20261101,2026-11-02T00:45:00Z,900
N20261101-S003,N20261101,2026-11-02T01:00:00Z,900
N20261101-S004,N20261101,2026-11-02T01:15:00Z,900
N20261101-S005,N20261101,2026-11-02T01:30:00Z,900
N20261101-S006,N20261101,2026-11-02T01:45:00Z,900
N20261101-S007,N20261101,2026-11-02T02:00:00Z,900
N20261101-S008,N20261101,2026-11-02T02:15:00Z,900
N20261101-S009,N20261101,2026-11-02T02:30:00Z,900
N20261101-S010,N20261101,2026-11-02T02:45:00Z,900
N20261101-S011,N20261101,2026-11-02T03:00:00Z,900
N20261101-S012,N20261101,2026-11-02T03:15:00Z,900
N20261101-S013,N20261101,2026-11-02T03:30:00Z,900
N20261101-S014,N20261101,2026-11-02T03:45:00Z,900
N20261101-S015,N20261101,2026-11-02T04:00:00Z,900
N20261101-S016,N20261101,2026-11-02T04:15:00Z,900
N20261101-S017,N20261101,2026-11-02T04:30:00Z,900
N20261101-S018,N20261101,2026-11-02T04:45:00Z,900
N20261101-S019,N20261101,2026-11-02T05:00:00Z,900
N20261101-S020,N20261101,2026-11-02T05:15:00Z,900
N20261101-S021,N20261101,2026-11-02T05:30:00Z,900
N20261101-S022,N20261101,2026-11-02T05:45:00Z,900
N20261101-S023,N20261101,2026-11-02T06:00:00Z,900
N20261101-S024,N20261101,2026-11-02T06:15:00Z,900
N20261101-S025,N20261101,2026-11-02T06:30:00Z,900
N20261101-S026,N20261101,2026-11-02T06:45:00Z,900
N20261101-S027,N20261101,2026-11-02T07:00:00Z,900
N20261101-S028,N20261101,2026-11-02T07:15:00Z,900
N20261101-S029,N20261101,2026-11-02T07:30:00Z,900
N20261101-S030,N20261101,2026-11-02T07:45:00Z,900
N20261101-S031,N20261101,2026-11-02T08:00:00Z,900
N20261101-S032,N20261101,2026-11-02T08:15:00Z,900
N20261102-S001,N20261102,2026-11-03T00:30:00Z,900
N20261102-S002,N20261102,2026-11-03T00:45:00Z,900
N20261102-S003,N20261102,2026-11-03T01:00:00Z,900
N20261102-S004,N20261102,2026-11-03T01:15:00Z,900
N20261102-S005,N20261102,2026-11-03T01:30:00Z,900
N20261102-S006,N20261102,2026-11-03T01:45:00Z,900
N20261102-S007,N20261102,2026-11-03T02:00:00Z,900
N20261102-S008,N20261102,2026-11-03T02:15:00Z,900
N20261102-S009,N20261102,2026-11-03T02:30:00Z,900
N20261102-S010,N20261102,2026-11-03T02:45:00Z,900
N20261102-S011,N20261102,2026-11-03T03:00:00Z,900
N20261102-S012,N20261102,2026-11-03T03:15:00Z,900
N20261102-S013,N20261102,2026-11-03T03:30:00Z,900
N20261102-S014,N20261102,2026-11-03T03:45:00Z,900
N20261102-S015,N20261102,2026-11-03T04:00:00Z,900
N20261102-S016,N20261102,2026-11-03T04:15:00Z,900
N20261102-S017,N20261102,2026-11-03T04:30:00Z,900
N20261102-S018,N20261102,2026-11-03T04:45:00Z,900
N20261102-S019,N20261102,2026-11-03T05:00:00Z,900
N20261102-S020,N20261102,2026-11-03T05:15:00Z,900
N20261102-S021,N20261102,2026-11-03T05:30:00Z,900
N20261102-S022,N20261102,2026-11-03T05:45:00Z,900
N20261102-S023,N20261102,2026-11-03T06:00:00Z,900
N20261102-S024,N20261102,2026-11-03T06:15:00Z,900
N20261102-S025,N20261102,2026-11-03T06:30:00Z,900
N20261102-S026,N20261102,2026-11-03T06:45:00Z,900
N20261102-S027,N20261102,2026-11-03T07:00:00Z,900
N20261102-S028,N20261102,2026-11-03T07:15:00Z,900
N20261102-S029,N20261102,2026-11-03T07:30:00Z,900
N20261102-S030,N20261102,2026-11-03T07:45:00Z,900
N20261102-S031,N20261102,2026-11-03T08:00:00Z,900
N20261102-S032,N20261102,2026-11-03T08:15:00Z,900
N20261103-S001,N20261103,2026-11-04T00:30:00Z,900
N20261103-S002,N20261103,2026-11-04T00:45:00Z,900
N20261103-S003,N20261103,2026-11-04T01:00:00Z,900
N20261103-S004,N20261103,2026-11-04T01:15:00Z,900
N20261103-S005,N20261103,2026-11-04T01:30:00Z,900
N20261103-S006,N20261103,2026-11-04T01:45:00Z,900
N20261103-S007,N20261103,2026-11-04T02:00:00Z,900
N20261103-S008,N20261103,2026-11-04T02:15:00Z,900
N20261103-S009,N20261103,2026-11-04T02:30:00Z,900
N20261103-S010,N20261103,2026-11-04T02:45:00Z,900
N20261103-S011,N20261103,2026-11-04T03:00:00Z,900
N20261103-S012,N20261103,2026-11-04T03:15:00Z,900
N20261103-S013,N20261103,2026-11-04T03:30:00Z,900
N20261103-S014,N20261103,2026-11-04T03:45:00Z,900
N20261103-S015,N20261103,2026-11-04T04:00:00Z,900
N20261103-S016,N20261103,2026-11-04T04:15:00Z,900
N20261103-S017,N20261103,2026-11-04T04:30:00Z,900
N20261103-S018,N20261103,2026-11-04T04:45:00Z,900
N20261103-S019,N20261103,2026-11-04T05:00:00Z,900
N20261103-S020,N20261103,2026-11-04T05:15:00Z,900
N20261103-S021,N20261103,2026-11-04T05:30:00Z,900
N20261103-S022,N20261103,2026-11-04T05:45:00Z,900
N20261103-S023,N20261103,2026-11-04T06:00:00Z,900
N20261103-S024,N20261103,2026-11-04T06:15:00Z,900
N20261103-S025,N20261103,2026-11-04T06:30:00Z,900
N20261103-S026,N20261103,2026-11-04T06:45:00Z,900
N20261103-S027,N20261103,2026-11-04T07:00:00Z,900
N20261103-S028,N20261103,2026-11-04T07:15:00Z,900
N20261103-S029,N20261103,2026-11-04T07:30:00Z,900
N20261103-S030,N20261103,2026-11-04T07:45:00Z,900
N20261103-S031,N20261103,2026-11-04T08:00:00Z,900
N20261103-S032,N20261103,2026-11-04T08:15:00Z,900
N20261104-S001,N20261104,2026-11-05T00:30:00Z,900
N20261104-S002,N20261104,2026-11-05T00:45:00Z,900
N20261104-S003,N20261104,2026-11-05T01:00:00Z,900
N20261104-S004,N20261104,2026-11-05T01:15:00Z,900
N20261104-S005,N20261104,2026-11-05T01:30:00Z,900
N20261104-S006,N20261104,2026-11-05T01:45:00Z,900
N20261104-S007,N20261104,2026-11-05T02:00:00Z,900
N20261104-S008,N20261104,2026-11-05T02:15:00Z,900
N20261104-S009,N20261104,2026-11-05T02:30:00Z,900
N20261104-S010,N20261104,2026-11-05T02:45:00Z,900
N20261104-S011,N20261104,2026-11-05T03:00:00Z,900
N20261104-S012,N20261104,2026-11-05T03:15:00Z,900
N20261104-S013,N20261104,2026-11-05T03:30:00Z,900
N20261104-S014,N20261104,2026-11-05T03:45:00Z,900
N20261104-S015,N20261104,2026-11-05T04:00:00Z,900
N20261104-S016,N20261104,2026-11-05T04:15:00Z,900
N20261104-S017,N20261104,2026-11-05T04:30:00Z,900
N20261104-S018,N20261104,2026-11-05T04:45:00Z,900
N20261104-S019,N20261104,2026-11-05T05:00:00Z,900
N20261104-S020,N20261104,2026-11-05T05:15:00Z,900
N20261104-S021,N20261104,2026-11-05T05:30:00Z,900
N20261104-S022,N20261104,2026-11-05T05:45:00Z,900
N20261104-S023,N20261104,2026-11-05T06:00:00Z,900
N20261104-S024,N20261104,2026-11-05T06:15:00Z,900
N20261104-S025,N20261104,2026-11-05T06:30:00Z,900
N20261104-S026,N20261104,2026-11-05T06:45:00Z,900
N20261104-S027,N20261104,2026-11-05T07:00:00Z,900
N20261104-S028,N20261104,2026-11-05T07:15:00Z,900
N20261104-S029,N20261104,2026-11-05T07:30:00Z,900
N20261104-S030,N20261104,2026-11-05T07:45:00Z,900
N20261104-S031,N20261104,2026-11-05T08:00:00Z,900
N20261105-S001,N20261105,2026-11-06T00:30:00Z,900
N20261105-S002,N20261105,2026-11-06T00:45:00Z,900
N20261105-S003,N20261105,2026-11-06T01:00:00Z,900
N20261105-S004,N20261105,2026-11-06T01:15:00Z,900
N20261105-S005,N20261105,2026-11-06T01:30:00Z,900
N20261105-S006,N20261105,2026-11-06T01:45:00Z,900
N20261105-S007,N20261105,2026-11-06T02:00:00Z,900
N20261105-S008,N20261105,2026-11-06T02:15:00Z,900
N20261105-S009,N20261105,2026-11-06T02:30:00Z,900
N20261105-S010,N20261105,2026-11-06T02:45:00Z,900
N20261105-S011,N20261105,2026-11-06T03:00:00Z,900
N20261105-S012,N20261105,2026-11-06T03:15:00Z,900
N20261105-S013,N20261105,2026-11-06T03:30:00Z,900
N20261105-S014,N20261105,2026-11-06T03:45:00Z,900
N20261105-S015,N20261105,2026-11-06T04:00:00Z,900
N20261105-S016,N20261105,2026-11-06T04:15:00Z,900
N20261105-S017,N20261105,2026-11-06T04:30:00Z,900
N20261105-S018,N20261105,2026-11-06T04:45:00Z,900
N20261105-S019,N20261105,2026-11-06T05:00:00Z,900
N20261105-S020,N20261105,2026-11-06T05:15:00Z,900
N20261105-S021,N20261105,2026-11-06T05:30:00Z,900
N20261105-S022,N20261105,2026-11-06T05:45:00Z,900
N20261105-S023,N20261105,2026-11-06T06:00:00Z,900
N20261105-S024,N20261105,2026-11-06T06:15:00Z,900
N20261105-S025,N20261105,2026-11-06T06:30:00Z,900
N20261105-S026,N20261105,2026-11-06T06:45:00Z,900
N20261105-S027,N20261105,2026-11-06T07:00:00Z,900
N20261105-S028,N20261105,2026-11-06T07:15:00Z,900
N20261105-S029,N20261105,2026-11-06T07:30:00Z,900
N20261105-S030,N20261105,2026-11-06T07:45:00Z,900
N20261105-S031,N20261105,2026-11-06T08:00:00Z,900
N20261106-S001,N20261106,2026-11-07T00:30:00Z,900
N20261106-S002,N20261106,2026-11-07T00:45:00Z,900
N20261106-S003,N20261106,2026-11-07T01:00:00Z,900
N20261106-S004,N20261106,2026-11-07T01:15:00Z,900
N20261106-S005,N20261106,2026-11-07T01:30:00Z,900
N20261106-S006,N20261106,2026-11-07T01:45:00Z,900
N20261106-S007,N20261106,2026-11-07T02:00:00Z,900
N20261106-S008,N20261106,2026-11-07T02:15:00Z,900
N20261106-S009,N20261106,2026-11-07T02:30:00Z,900
N20261106-S010,N20261106,2026-11-07T02:45:00Z,900
N20261106-S011,N20261106,2026-11-07T03:00:00Z,900
N20261106-S012,N20261106,2026-11-07T03:15:00Z,900
N20261106-S013,N20261106,2026-11-07T03:30:00Z,900
N20261106-S014,N20261106,2026-11-07T03:45:00Z,900
N20261106-S015,N20261106,2026-11-07T04:00:00Z,900
N20261106-S016,N20261106,2026-11-07T04:15:00Z,900
N20261106-S017,N20261106,2026-11-07T04:30:00Z,900
N20261106-S018,N20261106,2026-11-07T04:45:00Z,900
N20261106-S019,N20261106,2026-11-07T05:00:00Z,900
N20261106-S020,N20261106,2026-11-07T05:15:00Z,900
N20261106-S021,N20261106,2026-11-07T05:30:00Z,900
N20261106-S022,N20261106,2026-11-07T05:45:00Z,900
N20261106-S023,N20261106,2026-11-07T06:00:00Z,900
N20261106-S024,N20261106,2026-11-07T06:15:00Z,900
N20261106-S025,N20261106,2026-11-07T06:30:00Z,900
N20261106-S026,N20261106,2026-11-07T06:45:00Z,900
N20261106-S027,N20261106,2026-11-07T07:00:00Z,900
N20261106-S028,N20261106,2026-11-07T07:15:00Z,900
N20261106-S029,N20261106,2026-11-07T07:30:00Z,900
N20261106-S030,N20261106,2026-11-07T07:45:00Z,900
N20261106-S031,N20261106,2026-11-07T08:00:00Z,900
N20261107-S001,N20261107,2026-11-08T00:30:00Z,900
N20261107-S002,N20261107,2026-11-08T00:45:00Z,900
N20261107-S003,N20261107,2026-11-08T01:00:00Z,900
N20261107-S004,N20261107,2026-11-08T01:15:00Z,900
N20261107-S005,N20261107,2026-11-08T01:30:00Z,900
N20261107-S006,N20261107,2026-11-08T01:45:00Z,900
N20261107-S007,N20261107,2026-11-08T02:00:00Z,900
N20261107-S008,N20261107,2026-11-08T02:15:00Z,900
N20261107-S009,N20261107,2026-11-08T02:30:00Z,900
N20261107-S010,N20261107,2026-11-08T02:45:00Z,900
N20261107-S011,N20261107,2026-11-08T03:00:00Z,900
N20261107-S012,N20261107,2026-11-08T03:15:00Z,900
N20261107-S013,N20261107,2026-11-08T03:30:00Z,900
N20261107-S014,N20261107,2026-11-08T03:45:00Z,900
N20261107-S015,N20261107,2026-11-08T04:00:00Z,900
N20261107-S016,N20261107,2026-11-08T04:15:00Z,900
N20261107-S017,N20261107,2026-11-08T04:30:00Z,900
N20261107-S018,N20261107,2026-11-08T04:45:00Z,900
N20261107-S019,N20261107,2026-11-08T05:00:00Z,900
N20261107-S020,N20261107,2026-11-08T05:15:00Z,900
N20261107-S021,N20261107,2026-11-08T05:30:00Z,900
N20261107-S022,N20261107,2026-11-08T05:45:00Z,900
N20261107-S023,N20261107,2026-11-08T06:00:00Z,900
N20261107-S024,N20261107,2026-11-08T06:15:00Z,900
N20261107-S025,N20261107,2026-11-08T06:30:00Z,900
N20261107-S026,N20261107,2026-11-08T06:45:00Z,900
N20261107-S027,N20261107,2026-11-08T07:00:00Z,900
N20261107-S028,N20261107,2026-11-08T07:15:00Z,900
N20261107-S029,N20261107,2026-11-08T07:30:00Z,900
N20261107-S030,N20261107,2026-11-08T07:45:00Z,900
N20261107-S031,N20261107,2026-11-08T08:00:00Z,900
N20261108-S001,N20261108,2026-11-09T00:30:00Z,900
N20261108-S002,N20261108,2026-11-09T00:45:00Z,900
N20261108-S003,N20261108,2026-11-09T01:00:00Z,900
N20261108-S004,N20261108,2026-11-09T01:15:00Z,900
N20261108-S005,N20261108,2026-11-09T01:30:00Z,900
N20261108-S006,N20261108,2026-11-09T01:45:00Z,900
N20261108-S007,N20261108,2026-11-09T02:00:00Z,900
N20261108-S008,N20261108,2026-11-09T02:15:00Z,900
N20261108-S009,N20261108,2026-11-09T02:30:00Z,900
N20261108-S010,N20261108,2026-11-09T02:45:00Z,900
N20261108-S011,N20261108,2026-11-09T03:00:00Z,900
N20261108-S012,N20261108,2026-11-09T03:15:00Z,900
N20261108-S013,N20261108,2026-11-09T03:30:00Z,900
N20261108-S014,N20261108,2026-11-09T03:45:00Z,900
N20261108-S015,N20261108,2026-11-09T04:00:00Z,900
N20261108-S016,N20261108,2026-11-09T04:15:00Z,900
N20261108-S017,N20261108,2026-11-09T04:30:00Z,900
N20261108-S018,N20261108,2026-11-09T04:45:00Z,900
N20261108-S019,N20261108,2026-11-09T05:00:00Z,900
N20261108-S020,N20261108,2026-11-09T05:15:00Z,900
N20261108-S021,N20261108,2026-11-09T05:30:00Z,900
N20261108-S022,N20261108,2026-11-09T05:45:00Z,900
N20261108-S023,N20261108,2026-11-09T06:00:00Z,900
N20261108-S024,N20261108,2026-11-09T06:15:00Z,900
N20261108-S025,N20261108,2026-11-09T06:30:00Z,900
N20261108-S026,N20261108,2026-11-09T06:45:00Z,900
N20261108-S027,N20261108,2026-11-09T07:00:00Z,900
N20261108-S028,N20261108,2026-11-09T07:15:00Z,900
N20261108-S029,N20261108,2026-11-09T07:30:00Z,900
N20261108-S030,N20261108,2026-11-09T07:45:00Z,900
N20261108-S031,N20261108,2026-11-09T08:00:00Z,900
N20261109-S001,N20261109,2026-11-10T00:30:00Z,900
N20261109-S002,N20261109,2026-11-10T00:45:00Z,900
N20261109-S003,N20261109,2026-11-10T01:00:00Z,900
N20261109-S004,N20261109,2026-11-10T01:15:00Z,900
N20261109-S005,N20261109,2026-11-10T01:30:00Z,900
N20261109-S006,N20261109,2026-11-10T01:45:00Z,900
N20261109-S007,N20261109,2026-11-10T02:00:00Z,900
N20261109-S008,N20261109,2026-11-10T02:15:00Z,900
N20261109-S009,N20261109,2026-11-10T02:30:00Z,900
N20261109-S010,N20261109,2026-11-10T02:45:00Z,900
N20261109-S011,N20261109,2026-11-10T03:00:00Z,900
N20261109-S012,N20261109,2026-11-10T03:15:00Z,900
N20261109-S013,N20261109,2026-11-10T03:30:00Z,900
N20261109-S014,N20261109,2026-11-10T03:45:00Z,900
N20261109-S015,N20261109,2026-11-10T04:00:00Z,900
N20261109-S016,N20261109,2026-11-10T04:15:00Z,900
N20261109-S017,N20261109,2026-11-10T04:30:00Z,900
N20261109-S018,N20261109,2026-11-10T04:45:00Z,900
N20261109-S019,N20261109,2026-11-10T05:00:00Z,900
N20261109-S020,N20261109,2026-11-10T05:15:00Z,900
N20261109-S021,N20261109,2026-11-10T05:30:00Z,900
N20261109-S022,N20261109,2026-11-10T05:45:00Z,900
N20261109-S023,N20261109,2026-11-10T06:00:00Z,900
N20261109-S024,N20261109,2026-11-10T06:15:00Z,900
N20261109-S025,N20261109,2026-11-10T06:30:00Z,900
N20261109-S026,N20261109,2026-11-10T06:45:00Z,900
N20261109-S027,N20261109,2026-11-10T07:00:00Z,900
N20261109-S028,N20261109,2026-11-10T07:15:00Z,900
N20261109-S029,N20261109,2026-11-10T07:30:00Z,900
N20261109-S030,N20261109,2026-11-10T07:45:00Z,900
N20261109-S031,N20261109,2026-11-10T08:00:00Z,900
N20261110-S001,N20261110,2026-11-11T00:30:00Z,900
N20261110-S002,N20261110,2026-11-11T00:45:00Z,900
N20261110-S003,N20261110,2026-11-11T01:00:00Z,900
N20261110-S004,N20261110,2026-11-11T01:15:00Z,900
N20261110-S005,N20261110,2026-11-11T01:30:00Z,900
N20261110-S006,N20261110,2026-11-11T01:45:00Z,900
N20261110-S007,N20261110,2026-11-11T02:00:00Z,900
N20261110-S008,N20261110,2026-11-11T02:15:00Z,900
N20261110-S009,N20261110,2026-11-11T02:30:00Z,900
N20261110-S010,N20261110,2026-11-11T02:45:00Z,900
N20261110-S011,N20261110,2026-11-11T03:00:00Z,900
N20261110-S012,N20261110,2026-11-11T03:15:00Z,900
N20261110-S013,N20261110,2026-11-11T03:30:00Z,900
N20261110-S014,N20261110,2026-11-11T03:45:00Z,900
N20261110-S015,N20261110,2026-11-11T04:00:00Z,900
N20261110-S016,N20261110,2026-11-11T04:15:00Z,900
N20261110-S017,N20261110,2026-11-11T04:30:00Z,900
N20261110-S018,N20261110,2026-11-11T04:45:00Z,900
N20261110-S019,N20261110,2026-11-11T05:00:00Z,900
N20261110-S020,N20261110,2026-11-11T05:15:00Z,900
N20261110-S021,N20261110,2026-11-11T05:30:00Z,900
N20261110-S022,N20261110,2026-11-11T05:45:00Z,900
N20261110-S023,N20261110,2026-11-11T06:00:00Z,900
N20261110-S024,N20261110,2026-11-11T06:15:00Z,900
N20261110-S025,N20261110,2026-11-11T06:30:00Z,900
N20261110-S026,N20261110,2026-11-11T06:45:00Z,900
N20261110-S027,N20261110,2026-11-11T07:00:00Z,900
N20261110-S028,N20261110,2026-11-11T07:15:00Z,900
N20261110-S029,N20261110,2026-11-11T07:30:00Z,900
N20261110-S030,N20261110,2026-11-11T07:45:00Z,900
N20261110-S031,N20261110,2026-11-11T08:00:00Z,900
